# Blender 4.4.0
# www.blender.org
mtllib tronco_fino_0057.mtl
o troncofino.002
v 0.071528 3.473216 -0.977869
v 0.819552 -0.856744 -0.819552
v 1.029068 3.496348 0.020085
v 0.819552 -0.856744 0.819552
v -0.926347 3.460754 -0.020085
v -0.819552 -0.856744 -0.819552
v 0.031192 3.483886 0.977869
v -0.819552 -0.856744 0.819552
v -0.462520 7.804230 -0.854748
v 0.735078 7.802760 -0.343212
v -0.974142 7.793153 0.343212
v 0.223457 7.791681 0.854748
v -0.702798 12.153460 -0.368088
v 0.458482 12.105536 -0.794334
v -0.277008 12.134326 0.794335
v 0.884271 12.086401 0.368089
v -0.647632 16.548769 0.288386
v -0.154554 16.566013 -0.783879
v 0.409175 16.459103 0.787045
v 0.914708 16.766296 -0.322454
v 0.777225 16.765116 -0.508990
v 0.049625 16.716648 -0.812517
v 0.646005 12.097536 -0.643630
v 0.930026 12.084771 0.131759
v 0.770193 7.800768 -0.092400
v 0.428918 7.793376 0.706694
v 0.546679 -0.856744 0.984185
v -0.546679 -0.856744 0.984185
v 0.959120 3.496597 0.279769
v 0.293491 3.488284 0.918655
v 0.331164 3.478319 -0.907932
v 0.969886 3.493749 -0.242251
v 0.984185 -0.856744 -0.546679
v 0.984185 -0.856744 0.546679
v -0.211760 7.805099 -0.889912
v 0.587093 7.804117 -0.548694
v -0.552238 12.147405 -0.555803
v 0.222389 12.115436 -0.840128
v -0.372872 16.755209 -0.641140
v -0.675285 16.664488 0.078968
v 0.645079 16.763975 0.641142
v 0.945689 16.523146 -0.058992
v -0.027303 7.790812 0.889912
v -0.826156 7.791794 0.548694
v 0.733711 12.092456 0.555803
v -0.040915 12.124424 0.840129
v -0.228443 3.478783 0.907932
v -0.867166 3.463353 0.242251
v -0.984185 -0.856744 0.546679
v -0.984185 -0.856744 -0.546679
v -0.508325 16.705320 0.501754
v 0.211144 16.645889 0.811183
v -0.464532 12.142324 0.643631
v -0.748553 12.155087 -0.131758
v -1.009256 7.795145 0.092400
v -0.667981 7.802534 -0.706694
v -0.546679 -0.856744 -0.984185
v 0.546679 -0.856744 -0.984185
v -0.856399 3.460505 -0.279769
v -0.190771 3.468818 -0.918655
v 0.896617 3.496946 0.533654
v 0.694781 16.342184 -0.639202
v 0.329892 16.352448 -0.826423
v 0.831455 12.089633 -0.501114
v 0.979487 12.082980 -0.096980
v 0.809620 7.798850 0.150641
v 0.631747 7.794998 0.567129
v 0.284930 -0.856744 1.149968
v -0.284930 -0.856744 1.149968
v 0.549690 3.492614 0.866642
v 0.802653 16.555492 0.534733
v 0.955897 16.232590 0.212791
v -0.270295 7.789927 0.929390
v -0.686658 7.790439 0.751547
v 0.591332 12.098174 0.741441
v 0.187595 12.114835 0.889632
v -0.482281 3.473829 0.845442
v -0.815184 3.465786 0.498488
v -1.149968 -0.856744 0.284930
v -1.149968 -0.856744 -0.284930
v 0.585001 3.483272 -0.845442
v 0.031232 7.805984 -0.929390
v -0.409859 12.141686 -0.741440
v -0.529809 16.548130 -0.534362
v -0.708638 16.645887 -0.145688
v 0.917905 3.491316 -0.498488
v 1.149968 -0.856744 -0.284930
v 1.149968 -0.856744 0.284930
v 0.447595 7.805472 -0.751546
v -0.006122 12.125024 -0.889632
v -0.030537 16.517460 0.836510
v -0.649982 12.150228 0.501115
v -0.798014 12.156879 0.096981
v -0.870810 7.800914 -0.567129
v -0.284930 -0.856744 -1.149968
v -0.793896 3.460155 -0.533654
v -0.446970 3.464488 -0.866642
v -0.415502 16.389229 0.645108
v -1.048683 7.797062 -0.150641
v 0.284930 -0.856744 -1.149968
v -0.671496 12.151745 -0.022165
v -0.687917 7.801334 -0.567108
v -0.268273 3.468163 -0.790551
v -0.388563 16.606186 0.507358
v 0.375302 -0.856744 -0.938257
v 0.111082 16.645056 0.730758
v -0.476511 12.142983 0.510151
v -0.375303 -0.856744 -0.938257
v -0.725236 3.462456 -0.351947
v -0.922207 7.796261 -0.018519
v 0.661921 16.764120 0.513236
v -0.686606 7.791952 0.568611
v 0.068571 12.119950 0.762992
v -0.739090 3.466121 0.319755
v -0.938257 -0.856744 -0.375303
v 0.870812 16.765921 0.009011
v -0.138182 7.791277 0.802862
v 0.600363 12.098003 0.567798
v -0.300598 3.476715 0.776754
v -0.938257 -0.856744 0.375303
v 0.649323 16.764013 -0.525832
v 0.852969 12.088118 0.022166
v 0.448853 7.794578 0.567108
v -0.375303 -0.856744 0.938257
v 0.370994 3.488939 0.790551
v 0.827957 3.494645 0.351947
v 0.199266 16.380695 -0.721770
v 0.657984 12.096879 -0.510150
v 0.683143 7.799651 0.018519
v 0.375303 -0.856744 0.938257
v -0.389714 16.804926 -0.513234
v 0.841811 3.490981 -0.319755
v 0.938257 -0.856744 0.375303
v 0.447543 7.803961 -0.568611
v 0.112902 12.119911 -0.762991
v 0.403319 3.480388 -0.776754
v -0.100881 7.804635 -0.802862
v -0.418890 12.141857 -0.567797
v -0.594615 16.646873 -0.024202
v 0.938257 -0.856744 -0.375303
v 1.250221 -0.856744 -0.000000
v 0.812486 3.488056 -0.730546
v 0.270706 7.806406 -0.913739
v -0.234033 12.134527 -0.886634
v -0.686747 16.595230 -0.371159
v 0.514253 16.557356 -0.818640
v 0.976499 12.083376 -0.325118
v 0.793933 7.796834 0.390172
v 0.000000 -0.856744 1.250221
v 0.781720 3.496195 0.761186
v 0.921809 16.233744 0.425700
v -0.509769 7.789506 0.913739
v 0.415506 12.105335 0.886635
v -0.709766 3.469046 0.730546
v -1.250221 -0.856744 0.000000
v -0.274244 16.328531 0.794483
v -0.795025 12.156485 0.325119
v -1.032996 7.799077 -0.390172
v -0.000000 -0.856744 -1.250221
v -0.678999 3.460907 -0.761186
v 0.429903 1.308951 -0.918608
v -0.859180 1.300831 -0.370528
v -0.311266 1.315948 0.918608
v 0.977817 1.324069 0.370528
v -0.228826 5.636182 -0.962156
v -1.013679 5.624887 0.177256
v 0.125514 5.642964 0.962156
v 0.910366 5.654259 -0.177256
v -0.624108 9.981071 -0.649995
v -0.687081 9.964301 0.587341
v 0.549419 9.933158 0.649996
v 0.612391 9.949930 -0.587340
v -0.696405 14.308657 -0.035442
v 0.106469 14.299801 0.838647
v 0.979769 14.267662 0.035444
v 0.176895 14.276520 -0.838645
v -0.037537 16.608950 -0.813069
v 0.285593 16.462358 0.813404
v 0.924963 12.084854 0.240965
v -0.743490 12.155006 -0.240964
v 1.013699 3.495205 -0.128252
v 0.928115 -0.856744 0.680107
v 0.667080 7.803619 -0.466075
v 0.331486 12.110881 -0.835063
v -0.676482 16.531132 0.161395
v -0.585367 7.803385 -0.786713
v 0.346304 7.792526 0.786713
v 0.680107 -0.856744 -0.928116
v -0.680107 -0.856744 0.928115
v 0.179506 3.486478 0.962484
v -0.076786 3.470623 -0.962484
v 0.948051 16.587814 -0.174970
v -0.906144 7.792294 0.466075
v -0.150012 12.128981 0.835064
v -0.910978 3.461896 0.128252
v -0.928116 -0.856744 -0.680107
v 0.851250 16.857901 -0.434191
v 0.571621 12.100735 -0.723674
v 0.770874 7.801719 -0.207416
v 0.680107 -0.856744 0.928115
v 1.007595 3.496820 0.167666
v 0.818247 1.324234 0.591253
v -0.041631 1.318818 0.956846
v 0.894127 5.654195 0.091266
v 0.370595 5.646660 0.851306
v 0.726102 9.944010 -0.375059
v 0.684097 9.932822 0.450300
v 0.398269 14.271817 -0.773803
v 0.933823 14.265909 -0.190746
v 0.219083 3.476010 -0.956406
v 0.928115 -0.856744 -0.680107
v -0.326750 7.804840 -0.890574
v -0.632205 12.150649 -0.481341
v -0.255310 16.488060 -0.729078
v -0.646429 16.752853 0.029423
v -0.631662 14.304194 -0.256951
v -0.049131 14.282759 -0.792724
v 0.039655 5.640325 -0.945931
v 0.064606 12.122012 -0.835715
v 0.799548 5.652383 -0.422367
v -0.411934 9.977572 -0.763843
v 0.462947 7.804745 -0.659189
v 0.412867 9.956799 -0.722050
v 0.650595 1.312284 -0.759045
v 1.016078 1.322368 0.100867
v 0.508255 16.363729 0.736015
v 0.911699 16.587915 -0.000695
v 0.087686 7.791072 0.890574
v -0.753329 7.791743 0.575141
v 0.813678 12.089210 0.481342
v 0.026671 12.121640 0.810983
v -0.116362 3.481093 0.956406
v -0.806999 3.464768 0.298385
v -0.928116 -0.856744 0.680107
v -0.531958 1.312616 0.759045
v -1.050684 -0.856744 -0.348356
v -0.897441 1.302532 -0.100867
v -0.142967 5.638820 0.945931
v -0.791793 3.465646 0.401856
v -0.902860 5.626761 0.422367
v 0.337245 9.936656 0.763844
v 0.116868 12.117849 0.835716
v -0.487557 9.957431 0.722050
v 0.915025 14.272124 0.256953
v -0.702010 7.791167 0.659189
v 0.332494 14.293562 0.792726
v -0.579043 16.753433 0.434193
v 0.151842 16.669195 0.779894
v -0.390147 12.139127 0.723675
v -0.719438 12.153795 -0.064106
v -1.009937 7.794192 0.207416
v -0.694434 7.801871 -0.633845
v -0.680107 -0.856744 -0.928116
v -0.904875 3.460282 -0.167665
v -0.246900 3.468153 -0.858473
v -0.800791 9.970220 0.375059
v -0.758786 9.981406 -0.450300
v -0.997440 5.624951 -0.091266
v -0.473907 5.632486 -0.851306
v -0.699610 1.300665 -0.591253
v 0.160268 1.306080 -0.956847
v -0.114906 14.304503 0.773805
v 0.348356 -0.856744 -1.050684
v -0.650459 14.310410 0.190748
v -0.296469 9.950761 0.857203
v 0.133419 9.939934 0.878985
v -0.800324 5.628506 0.662951
v -0.404267 5.634792 0.935834
v -0.915798 9.976048 0.171132
v 0.927810 16.588198 0.083073
v 0.164954 16.380354 -0.771587
v 0.900911 12.086067 0.064107
v 0.453077 3.490730 0.843255
v 0.455371 7.794040 0.633845
v -0.348356 -0.856744 1.050684
v -0.449306 -0.856744 0.978792
v 0.349621 3.488948 0.858473
v 0.539408 7.794658 0.582500
v 0.925622 12.085143 -0.026180
v 0.909720 3.492333 -0.298384
v 1.050683 -0.856744 0.348356
v 0.978792 -0.856744 0.449306
v 0.514265 7.804169 -0.575141
v 0.154803 12.118220 -0.810982
v 0.894513 3.491456 -0.401856
v -0.978792 -0.856744 -0.449306
v 0.042334 16.524984 0.791648
v -0.350356 3.466372 -0.843255
v 0.449306 -0.856744 -0.978792
v -0.778472 7.801252 -0.582500
v -0.744148 12.154717 0.026181
v -0.749835 1.309381 0.608617
v -0.331445 14.309167 0.715459
v -0.549173 1.300432 -0.809162
v -0.714461 5.628854 -0.748740
v -0.893905 9.981880 -0.259047
v 0.697012 5.650640 -0.662951
v 1.222178 -0.856744 0.160704
v -0.208108 9.974295 -0.878985
v 0.300955 5.644354 -0.935834
v -0.573409 14.299958 -0.473623
v 0.418468 16.442848 -0.839447
v 0.998376 12.082321 -0.203856
v 0.723282 7.795774 0.498873
v -0.160705 -0.856744 1.222178
v 0.219641 1.321644 0.999710
v 0.611149 5.650292 0.748740
v 0.841109 9.938181 -0.171132
v 0.819216 9.932349 0.259047
v 0.614808 14.267150 -0.715458
v 0.893940 14.264071 -0.411568
v 0.667810 1.324466 0.809162
v 0.884015 5.654219 0.352606
v 0.667502 3.494578 0.838017
v 0.856773 14.276361 0.473624
v 0.553157 14.287534 0.752870
v -0.940326 1.304125 0.160429
v 0.946239 16.075413 0.339888
v -0.618433 7.789839 0.843090
v 0.294365 12.110360 0.908538
v -0.786574 3.466991 0.616316
v -1.222178 -0.856744 -0.160705
v 0.221780 9.963468 -0.857202
v 1.058963 1.320775 -0.160429
v -0.269793 14.288787 -0.752868
v 0.868473 1.315519 -0.608617
v 0.889295 3.490112 -0.616316
v 0.379370 7.806072 -0.843090
v -0.112891 12.129499 -0.908537
v -0.716305 16.598944 -0.256421
v -0.987327 5.624927 -0.352606
v -0.101004 1.303254 -0.999710
v -0.610576 14.312247 0.411569
v -0.159978 16.347786 0.831150
v -0.816903 12.157540 0.203857
v -0.962345 7.800138 -0.498873
v 0.160704 -0.856744 -1.222178
v -0.564781 3.462525 -0.838017
v -0.449337 16.605780 0.512171
v -0.542045 14.308582 0.259632
v 0.040841 1.305655 -0.863420
v -0.524047 5.631812 -0.710182
v -0.730723 9.978783 -0.319175
v -0.412542 16.514742 0.577505
v -0.486006 12.143302 0.573174
v -0.449307 -0.856744 -0.978792
v -0.793969 3.461322 -0.333384
v -0.974922 7.795798 0.022917
v -0.174380 14.304529 0.659909
v -0.549477 1.301936 -0.612435
v -0.883459 5.626639 -0.188404
v -0.759560 9.971103 0.247446
v 0.668555 16.895012 0.574230
v -0.995939 7.796546 -0.073300
v -0.774509 3.461074 -0.436143
v -0.348356 -0.856744 -1.050684
v -0.563164 12.146584 0.520277
v 0.401305 14.290448 0.684255
v -0.356510 9.954645 0.693930
v -0.761761 5.628968 0.472506
v -0.804034 1.304341 0.018561
v 0.744942 16.764835 0.526424
v -0.096764 7.790937 0.855583
v 0.663323 12.095366 0.577300
v -0.282044 3.477450 0.845497
v -0.978792 -0.856744 0.449306
v 0.801221 14.275733 0.316439
v 0.209727 9.940383 0.722622
v -0.240083 5.637246 0.831940
v -0.553124 1.311262 0.608903
v 0.714728 16.795900 -0.525004
v -1.050684 -0.856744 0.348356
v -0.384784 3.475479 0.826043
v 0.610477 12.097479 0.654537
v -0.192963 7.790541 0.876621
v 0.825409 14.267735 -0.259630
v 0.656034 9.935448 0.319175
v 0.420735 5.647335 0.710182
v 0.077796 1.319244 0.863420
v 0.896690 3.495780 0.333384
v 0.688490 16.491638 -0.574180
v 0.667479 12.096557 -0.573173
v 0.735859 7.800114 -0.022917
v 0.449306 -0.856744 0.978792
v 0.457744 14.271791 -0.659907
v 0.684871 9.943129 -0.247445
v 0.780147 5.652507 0.188404
v 0.668114 1.322963 0.612435
v -0.396347 16.770069 -0.574228
v 0.922671 1.320559 -0.018561
v 0.281821 9.959584 -0.693930
v 0.658448 5.650178 -0.472505
v -0.117942 14.285871 -0.684253
v 0.384764 3.479651 -0.845497
v -0.142299 7.804976 -0.855583
v -0.481850 12.144494 -0.577299
v -0.443252 16.530430 -0.547558
v 0.978792 -0.856744 -0.449307
v 0.671761 1.313636 -0.608903
v -0.284417 9.973846 -0.722622
v 0.136771 5.641899 -0.831940
v -0.517857 14.300586 -0.316438
v 0.487505 3.481623 -0.826043
v -0.046100 7.805371 -0.876621
v -0.429004 12.142382 -0.654536
v 1.050684 -0.856744 -0.348356
v -0.661287 16.646320 -0.074768
v 0.877230 3.496027 0.436143
v 0.744637 12.093277 -0.520276
v 0.756876 7.799366 0.073300
v 0.348356 -0.856744 1.050684
v 0.257100 16.352383 -0.783747
v 1.222178 -0.856744 -0.160705
v 0.701533 3.485575 -0.812003
v 0.144535 7.806360 -0.943396
v -0.340605 12.138897 -0.824955
v -0.634005 16.703449 -0.454556
v -0.470707 14.294915 -0.666708
v 0.546988 5.648188 -0.869083
v 0.010688 9.969908 -0.943773
v 1.042562 1.318644 -0.418045
v 0.616867 16.513235 -0.746362
v 0.914884 12.086072 -0.431794
v 0.823604 7.797945 0.263968
v 0.160705 -0.856744 1.222178
v 0.863173 3.497021 0.650207
v 0.807788 14.263647 -0.612639
v 0.905791 9.933362 0.047790
v 0.817259 5.653361 0.598680
v 0.477238 1.323980 0.983284
v 0.872581 16.429428 0.491701
v -0.383598 7.789551 0.943397
v 0.522078 12.100962 0.824956
v -0.598812 3.471526 0.812003
v -1.222178 -0.856744 0.160705
v -0.923925 1.306256 0.418046
v -0.650300 5.630957 0.869083
v -0.085377 9.944320 0.943774
v 0.754071 14.281405 0.666709
v -0.350534 16.456638 0.739562
v -0.733411 12.153788 0.431795
v -1.062668 7.797966 -0.263968
v -0.160705 -0.856744 -1.222178
v -0.760453 3.460081 -0.650207
v -0.980480 9.980869 -0.047789
v -0.920571 5.625783 -0.598680
v -0.358601 1.300919 -0.983284
v -0.524424 14.312674 0.612641
v 0.969306 14.266286 -0.092117
v -0.685943 14.310031 0.092119
v 1.016584 1.323320 0.224555
v 0.511368 9.953690 -0.674623
v 0.283946 1.307260 -0.957364
v -0.371049 5.634023 -0.917208
v 0.865434 5.653469 -0.319498
v -0.711363 9.981709 -0.548880
v 0.233941 14.296481 0.828209
v 0.636673 9.932520 0.548880
v 0.267737 5.645122 0.917208
v -0.165309 1.317640 0.957364
v -0.586057 9.960541 0.674624
v -0.968746 5.625676 0.319498
v -0.897947 1.301579 -0.224555
v 0.049423 14.279840 -0.828207
v 0.904440 1.324379 0.502539
v 0.684504 1.323866 0.709868
v 0.033146 1.319251 0.920046
v 0.919048 5.654496 -0.028335
v 0.845382 5.653561 0.260972
v 0.413472 5.647272 0.781035
v 0.688931 9.946440 -0.477925
v 0.768648 9.940717 -0.222806
v 0.683769 9.933921 0.376589
v 0.303040 14.273638 -0.817482
v 0.530843 14.269441 -0.700630
v 0.883254 14.266542 -0.240029
v -0.675287 14.306507 -0.161668
v -0.558570 14.300665 -0.389596
v -0.098368 14.284638 -0.742133
v -0.079927 5.638467 -0.970849
v 0.209333 5.642971 -0.897189
v 0.729291 5.651272 -0.465246
v -0.514743 9.979531 -0.726618
v -0.259769 9.974484 -0.806461
v 0.339205 9.958593 -0.721700
v 0.561897 1.310775 -0.845237
v 0.769188 1.314442 -0.625302
v 0.979287 1.321442 0.026088
v -0.443260 1.314125 0.845237
v -0.650551 1.310458 0.625302
v -0.860650 1.303456 -0.026089
v -0.023385 5.640678 0.970849
v -0.312645 5.636174 0.897189
v -0.832603 5.627872 0.465246
v 0.440054 9.934695 0.726618
v 0.185080 9.939744 0.806462
v -0.413894 9.955636 0.721701
v 0.958650 14.269811 0.161669
v 0.841933 14.275651 0.389598
v 0.381732 14.291678 0.742135
v -0.763620 9.967789 0.477926
v -0.843337 9.973512 0.222807
v -0.758459 9.980310 -0.376589
v -1.022361 5.624650 0.028335
v -0.948694 5.625585 -0.260972
v -0.516784 5.631874 -0.781035
v -0.785802 1.300520 -0.502539
v -0.565867 1.301034 -0.709868
v 0.085491 1.305647 -0.920046
v -0.019676 14.302683 0.817483
v -0.247479 14.306878 0.700631
v -0.599891 14.309778 0.240031
v 0.654713 14.284706 0.730503
v -0.205531 9.947661 0.916461
v -0.748563 5.629378 0.772634
v -0.955590 1.304914 0.282276
v -0.588200 14.312990 0.513200
v -0.222839 1.301973 -1.014964
v -0.824130 5.627201 -0.696964
v -0.953151 9.981979 -0.168031
v 1.074227 1.319986 -0.282276
v 0.130842 9.966567 -0.916461
v 0.645251 5.649767 -0.772634
v -0.371349 14.291612 -0.730502
v 0.341476 1.322925 1.014964
v 0.720818 5.651943 0.696964
v 0.878461 9.932250 0.168031
v 0.871564 14.263329 -0.513198
v -0.588746 14.310642 0.329094
v -0.017933 1.304486 -0.942833
v -0.615087 5.630385 -0.745287
v -0.816570 9.980640 -0.303131
v -0.159728 14.304923 0.719236
v -0.621228 1.301196 -0.619570
v -0.947067 5.625682 -0.156371
v -0.792982 9.971113 0.301761
v 0.470732 14.289313 0.731004
v -0.340502 9.952982 0.779830
v -0.796866 5.628491 0.563562
v -0.883445 1.304032 0.077347
v 0.860505 14.274060 0.301792
v 0.263997 9.938562 0.756050
v -0.208059 5.637783 0.895555
v -0.560266 1.311743 0.680660
v 0.872110 14.265677 -0.329092
v 0.741881 9.933587 0.303131
v 0.511775 5.648760 0.745287
v 0.136570 1.320414 0.942832
v 0.443092 14.271396 -0.719235
v 0.718293 9.943115 -0.301760
v 0.843754 5.653463 0.156371
v 0.739865 1.323703 0.619570
v 1.002082 1.320868 -0.077347
v 0.265812 9.961246 -0.779829
v 0.693554 5.650654 -0.563562
v -0.187368 14.287007 -0.731003
v 0.678903 1.313155 -0.680660
v -0.338686 9.975667 -0.756050
v 0.104747 5.641363 -0.895555
v -0.577141 14.302258 -0.301790
v -0.542593 14.297915 -0.573003
v 0.421869 5.646223 -0.926543
v -0.111621 9.972673 -0.928747
v 0.966788 1.317022 -0.535061
v 0.714130 14.265065 -0.684597
v 0.890809 9.935540 -0.074596
v 0.874718 5.654160 0.473538
v 0.594251 1.324518 0.907492
v -0.848151 1.307878 0.535061
v -0.525181 5.632924 0.926543
v 0.036932 9.941554 0.928747
v 0.825957 14.278405 0.573005
v -0.965499 9.978691 0.074596
v -0.978031 5.624986 -0.473538
v -0.475613 1.300382 -0.907492
v -0.430766 14.311255 0.684598
v -0.669453 15.680772 0.143507
v 0.282509 15.681086 0.808638
v 0.947238 15.666981 -0.143505
v -0.004724 15.666668 -0.808636
v 0.220522 15.665303 -0.793540
v 0.855524 15.665513 -0.349868
v -0.654406 15.678391 -0.081809
v -0.211001 15.668984 -0.716932
v 0.932191 15.669360 0.081811
v 0.488787 15.678770 0.716934
v 0.057263 15.682448 0.793542
v -0.577739 15.682240 0.349870
v -0.161988 15.683826 0.783630
v -0.644539 15.676108 -0.301130
v 0.439774 15.663926 -0.783628
v 0.770737 15.664036 -0.552385
v 0.922325 15.671644 0.301132
v 0.691221 15.676549 0.632159
v -0.413436 15.671205 -0.632157
v -0.492952 15.683719 0.552387
v -0.459581 15.681876 0.392733
v -0.023643 15.682021 0.697320
v 0.531613 15.677283 0.598746
v 0.836017 15.670827 0.162725
v 0.737366 15.665874 -0.392731
v 0.301428 15.665731 -0.697319
v -0.253828 15.670467 -0.598744
v -0.558231 15.676926 -0.162723
v -0.587213 15.673636 -0.507325
v 0.645913 15.663118 -0.726243
v 0.864998 15.674116 0.507327
v -0.368127 15.684634 0.726244
v 0.910278 15.666019 -0.263154
v -0.632493 15.681732 0.263156
v 0.402112 15.679906 0.771689
v -0.124326 15.667847 -0.771687
v 0.120291 15.665761 -0.815114
v 0.362673 15.664767 -0.751692
v 0.796785 15.665540 -0.386248
v -0.675953 15.679549 0.018450
v -0.612599 15.676671 -0.223998
v -0.247358 15.669823 -0.658181
v 0.953738 15.668200 -0.018449
v 0.890384 15.671078 0.224000
v 0.525143 15.677928 0.658182
v 0.157495 15.681992 0.815116
v -0.084887 15.682983 0.751694
v -0.518999 15.682212 0.386250
v 0.783538 15.675492 0.589299
v -0.450089 15.684362 0.644742
v -0.505753 15.672258 -0.589298
v 0.727874 15.663388 -0.644740
v -0.489525 15.682851 0.468976
v 0.002898 15.682384 0.750897
v 0.607837 15.677073 0.628714
v 0.889571 15.670196 0.136185
v 0.767310 15.664903 -0.468974
v 0.274887 15.665368 -0.750895
v -0.330051 15.670678 -0.628712
v -0.611785 15.677557 -0.136184
v -0.636098 15.675027 -0.402594
v 0.541206 15.663327 -0.775164
v 0.913884 15.672729 0.402595
v -0.263420 15.684425 0.775166
v 0.057905 3.473216 -0.791619
v 0.663457 -0.856744 -0.663456
v 0.833067 3.496348 0.016261
v 0.663457 -0.856744 0.663458
v -0.749911 3.460754 -0.016259
v -0.663457 -0.856744 -0.663456
v 0.025251 3.483886 0.791621
v -0.663457 -0.856744 0.663459
v -0.374427 7.804230 -0.691948
v 0.595073 7.802760 -0.277841
v -0.788603 7.793153 0.277844
v 0.180897 7.791681 0.691951
v -0.568941 12.153460 -0.297979
v 0.371157 12.105536 -0.643041
v -0.224248 12.134326 0.643044
v 0.715850 12.086401 0.297982
v -0.524282 16.548769 0.233460
v -0.125117 16.566013 -0.634577
v 0.331242 16.459103 0.637143
v 0.740489 16.766296 -0.261037
v 0.629192 16.765116 -0.412044
v 0.040173 16.716648 -0.657761
v 0.522965 12.097536 -0.521040
v 0.752890 12.084771 0.106665
v 0.623499 7.800768 -0.074800
v 0.347225 7.793376 0.572095
v 0.442556 -0.856744 0.796734
v -0.442556 -0.856744 0.796734
v 0.776442 3.496597 0.226485
v 0.237592 3.488284 0.743686
v 0.268089 3.478319 -0.735003
v 0.785158 3.493749 -0.196110
v 0.796733 -0.856744 -0.442555
v 0.796733 -0.856744 0.442557
v -0.171427 7.805099 -0.720415
v 0.475273 7.804117 -0.444187
v -0.447057 12.147405 -0.449941
v 0.180032 12.115436 -0.680113
v -0.301853 16.755209 -0.519024
v -0.546668 16.664488 0.063929
v 0.522215 16.763975 0.519029
v 0.765570 16.523146 -0.047755
v -0.022103 7.790812 0.720417
v -0.668803 7.791794 0.444189
v 0.593966 12.092456 0.449944
v -0.033122 12.124424 0.680116
v -0.184933 3.478783 0.735005
v -0.702002 3.463353 0.196113
v -0.796733 -0.856744 0.442557
v -0.796733 -0.856744 -0.442555
v -0.411508 16.705320 0.406189
v 0.170928 16.645889 0.656683
v -0.376056 12.142324 0.521044
v -0.605981 12.155087 -0.106662
v -0.817029 7.795145 0.074802
v -0.540755 7.802534 -0.572093
v -0.442556 -0.856744 -0.796732
v 0.442556 -0.856744 -0.796732
v -0.693286 3.460505 -0.226482
v -0.154436 3.468818 -0.743683
v 0.725844 3.496946 0.432013
v 0.562450 16.342184 -0.517456
v 0.267059 16.352448 -0.669018
v 0.673093 12.089633 -0.405669
v 0.792930 12.082980 -0.078508
v 0.655417 7.798850 0.121950
v 0.511422 7.794998 0.459113
v 0.230661 -0.856744 0.930942
v -0.230661 -0.856744 0.930942
v 0.444994 3.492614 0.701579
v 0.649777 16.555492 0.432887
v 0.773833 16.232590 0.172263
v -0.218813 7.789927 0.752376
v -0.555875 7.790439 0.608405
v 0.478705 12.098174 0.600225
v 0.151865 12.114835 0.720191
v -0.390424 3.473829 0.684417
v -0.659921 3.465786 0.403545
v -0.930941 -0.856744 0.230662
v -0.930941 -0.856744 -0.230660
v 0.473580 3.483272 -0.684414
v 0.025283 7.805984 -0.752373
v -0.331795 12.141686 -0.600222
v -0.428900 16.548130 -0.432585
v -0.573669 16.645887 -0.117938
v 0.743077 3.491316 -0.403543
v 0.930941 -0.856744 -0.230660
v 0.930941 -0.856744 0.230662
v 0.362344 7.805472 -0.608403
v -0.004956 12.125024 -0.720188
v -0.024721 16.517460 0.677187
v -0.526184 12.150228 0.405672
v -0.646021 12.156879 0.078511
v -0.704952 7.800914 -0.459111
v -0.230661 -0.856744 -0.930940
v -0.642688 3.460155 -0.432011
v -0.361838 3.464488 -0.701577
v -0.336364 16.389229 0.522240
v -0.848947 7.797062 -0.121948
v 0.230661 -0.856744 -0.930940
v -0.543600 12.151745 -0.017942
v -0.556893 7.801334 -0.459093
v -0.217177 3.468163 -0.639978
v -0.314556 16.606186 0.410726
v 0.303821 -0.856744 -0.759552
v 0.089925 16.645056 0.591576
v -0.385753 12.142983 0.412987
v -0.303821 -0.856744 -0.759552
v -0.587105 3.462456 -0.284913
v -0.746560 7.796261 -0.014991
v 0.535849 16.764120 0.415485
v -0.555832 7.791952 0.460312
v 0.055511 12.119950 0.617671
v -0.598320 3.466121 0.258854
v -0.759553 -0.856744 -0.303820
v 0.704954 16.765921 0.007296
v -0.111863 7.791277 0.649947
v 0.486016 12.098003 0.459654
v -0.243345 3.476715 0.628812
v -0.759553 -0.856744 0.303822
v 0.525651 16.764013 -0.425679
v 0.690509 12.088118 0.017945
v 0.363363 7.794578 0.459096
v -0.303821 -0.856744 0.759554
v 0.300333 3.488939 0.639981
v 0.670261 3.494645 0.284915
v 0.161313 16.380695 -0.584297
v 0.532662 12.096879 -0.412983
v 0.553029 7.799651 0.014993
v 0.303821 -0.856744 0.759554
v -0.315487 16.804926 -0.415480
v 0.681476 3.490981 -0.258852
v 0.759553 -0.856744 0.303822
v 0.362302 7.803961 -0.460310
v 0.091398 12.119911 -0.617668
v 0.326501 3.480388 -0.628810
v -0.081667 7.804635 -0.649944
v -0.339107 12.141857 -0.459651
v -0.481362 16.646873 -0.019591
v 0.759553 -0.856744 -0.303820
v 1.012099 -0.856744 0.000001
v 0.657737 3.488056 -0.591402
v 0.219146 7.806406 -0.739704
v -0.189458 12.134527 -0.717761
v -0.555947 16.595230 -0.300466
v 0.416307 16.557356 -0.662718
v 0.790511 12.083376 -0.263193
v 0.642717 7.796834 0.315860
v 0.000000 -0.856744 1.012100
v 0.632831 3.496195 0.616209
v 0.746238 16.233744 0.344621
v -0.412676 7.789506 0.739706
v 0.336367 12.105335 0.717764
v -0.574581 3.469046 0.591405
v -1.012100 -0.856744 0.000001
v -0.222010 16.328531 0.643164
v -0.643602 12.156485 0.263196
v -0.836248 7.799077 -0.315857
v -0.000000 -0.856744 -1.012098
v -0.549675 3.460907 -0.616206
v 0.348022 1.308951 -0.743645
v -0.695537 1.300831 -0.299955
v -0.251981 1.315948 0.743647
v 0.791578 1.324069 0.299957
v -0.185243 5.636182 -0.778899
v -0.820610 5.624887 0.143496
v 0.101608 5.642964 0.778902
v 0.736975 5.654259 -0.143494
v -0.505238 9.981071 -0.526193
v -0.556217 9.964301 0.475475
v 0.444774 9.933158 0.526196
v 0.495753 9.949930 -0.475472
v -0.563765 14.308657 -0.028691
v 0.086191 14.299801 0.678916
v 0.793158 14.267662 0.028694
v 0.143203 14.276520 -0.678913
v -0.030387 16.608950 -0.658208
v 0.231198 16.462358 0.658481
v 0.748791 12.084854 0.195071
v -0.601882 12.155006 -0.195068
v 0.820626 3.495205 -0.103823
v 0.751343 -0.856744 0.550572
v 0.540026 7.803619 -0.377303
v 0.268350 12.110881 -0.676012
v -0.547637 16.531132 0.130656
v -0.473876 7.803385 -0.636871
v 0.280345 7.792526 0.636874
v 0.550571 -0.856744 -0.751342
v -0.550571 -0.856744 0.751344
v 0.145317 3.486478 0.779167
v -0.062161 3.470623 -0.779164
v 0.767482 16.587814 -0.141644
v -0.733556 7.792294 0.377306
v -0.121440 12.128981 0.676016
v -0.737469 3.461896 0.103826
v -0.751343 -0.856744 -0.550570
v 0.689118 16.857901 -0.351492
v 0.462748 12.100735 -0.585839
v 0.624050 7.801719 -0.167909
v 0.550571 -0.856744 0.751344
v 0.815685 3.496820 0.135733
v 0.662400 1.324234 0.478642
v -0.033702 1.318818 0.774603
v 0.723828 5.654195 0.073884
v 0.300010 5.646660 0.689164
v 0.587806 9.944010 -0.303623
v 0.553801 9.932822 0.364536
v 0.322413 14.271817 -0.626421
v 0.755964 14.265909 -0.154415
v 0.177355 3.476010 -0.774244
v 0.751343 -0.856744 -0.550570
v -0.264516 7.804840 -0.720951
v -0.511793 12.150649 -0.389662
v -0.206683 16.488060 -0.590214
v -0.523308 16.752853 0.023820
v -0.511353 14.304194 -0.208010
v -0.039773 14.282759 -0.641738
v 0.032102 5.640325 -0.765764
v 0.052301 12.122012 -0.676540
v 0.647263 5.652383 -0.341920
v -0.333475 9.977572 -0.618357
v 0.374772 7.804745 -0.533636
v 0.334231 9.956799 -0.584524
v 0.526680 1.312284 -0.614473
v 0.822552 1.322368 0.081657
v 0.411451 16.363729 0.595832
v 0.738053 16.587915 -0.000561
v 0.070985 7.791072 0.720953
v -0.609847 7.791743 0.465599
v 0.658702 12.089210 0.389665
v 0.021591 12.121640 0.656521
v -0.094199 3.481093 0.774247
v -0.653295 3.464768 0.241554
v -0.751343 -0.856744 0.550573
v -0.430639 1.312616 0.614476
v -0.850567 -0.856744 -0.282006
v -0.726511 1.302532 -0.081655
v -0.115737 5.638820 0.765767
v -0.640985 3.465646 0.325318
v -0.730898 5.626761 0.341923
v 0.273012 9.936656 0.618360
v 0.094609 12.117849 0.676543
v -0.394695 9.957431 0.584527
v 0.740746 14.272124 0.208014
v -0.568303 7.791167 0.533639
v 0.269166 14.293562 0.641741
v -0.468756 16.753433 0.351496
v 0.122922 16.669195 0.631353
v -0.315838 12.139127 0.585842
v -0.582411 12.153795 -0.051895
v -0.817581 7.794192 0.167912
v -0.562170 7.801871 -0.513119
v -0.550571 -0.856744 -0.751342
v -0.732529 3.460282 -0.135730
v -0.199874 3.468153 -0.694964
v -0.648270 9.970220 0.303625
v -0.614265 9.981406 -0.364533
v -0.807463 5.624951 -0.073882
v -0.383645 5.632486 -0.689162
v -0.566359 1.300665 -0.478639
v 0.129743 1.306080 -0.774601
v -0.093020 14.304503 0.626424
v 0.282007 -0.856744 -0.850565
v -0.526570 14.310410 0.154418
v -0.240002 9.950761 0.693938
v 0.108007 9.939934 0.711572
v -0.647892 5.628506 0.536684
v -0.327269 5.634792 0.757592
v -0.741372 9.976048 0.138539
v 0.751096 16.588198 0.067252
v 0.133536 16.380354 -0.624627
v 0.729320 12.086067 0.051898
v 0.366782 3.490730 0.682647
v 0.368639 7.794040 0.513122
v -0.282007 -0.856744 0.850568
v -0.363730 -0.856744 0.792369
v 0.283031 3.488948 0.694966
v 0.436670 7.794658 0.471556
v 0.749324 12.085143 -0.021193
v 0.736451 3.492333 -0.241552
v 0.850566 -0.856744 0.282008
v 0.792367 -0.856744 0.363731
v 0.416316 7.804169 -0.465596
v 0.125318 12.118220 -0.656518
v 0.724141 3.491456 -0.325316
v -0.792368 -0.856744 -0.363729
v 0.034271 16.524984 0.640869
v -0.283626 3.466372 -0.682644
v 0.363730 -0.856744 -0.792366
v -0.630201 7.801252 -0.471554
v -0.602415 12.154717 0.021196
v -0.607019 1.309381 0.492699
v -0.268317 14.309167 0.579192
v -0.444576 1.300432 -0.655045
v -0.578382 5.628854 -0.606131
v -0.723648 9.981880 -0.209706
v 0.564257 5.650640 -0.536682
v 0.989397 -0.856744 0.130097
v -0.168471 9.974295 -0.711569
v 0.243634 5.644354 -0.757590
v -0.464195 14.299958 -0.383413
v 0.338765 16.442848 -0.679562
v 0.808222 12.082321 -0.165028
v 0.585523 7.795774 0.403857
v -0.130096 -0.856744 0.989398
v 0.177807 1.321644 0.809303
v 0.494747 5.650292 0.606133
v 0.680908 9.938181 -0.138536
v 0.663185 9.932349 0.209709
v 0.497710 14.267150 -0.579188
v 0.723677 14.264071 -0.333178
v 0.540616 1.324466 0.655047
v 0.715642 5.654219 0.285448
v 0.540367 3.494578 0.678406
v 0.693588 14.276361 0.383417
v 0.447800 14.287534 0.609477
v -0.761228 1.304125 0.129874
v 0.766015 16.075413 0.275153
v -0.500644 7.789839 0.682513
v 0.238299 12.110360 0.735495
v -0.636760 3.466991 0.498931
v -0.989397 -0.856744 -0.130095
v 0.179539 9.963468 -0.693935
v 0.857269 1.320775 -0.129872
v -0.218407 14.288787 -0.609473
v 0.703060 1.315519 -0.492696
v 0.719916 3.490112 -0.498929
v 0.307114 7.806072 -0.682511
v -0.091390 12.129499 -0.735492
v -0.579875 16.598944 -0.207581
v -0.799277 5.624927 -0.285446
v -0.081766 1.303254 -0.809301
v -0.494284 14.312247 0.333181
v -0.129508 16.347786 0.672847
v -0.661313 12.157540 0.165031
v -0.779053 7.800138 -0.403855
v 0.130096 -0.856744 -0.989396
v -0.457211 3.462525 -0.678404
v -0.363754 16.605780 0.414623
v -0.438805 14.308582 0.210183
v 0.033062 1.305655 -0.698969
v -0.424235 5.631812 -0.574917
v -0.591547 9.978783 -0.258382
v -0.333968 16.514742 0.467513
v -0.393439 12.143302 0.464006
v -0.363730 -0.856744 -0.792366
v -0.642747 3.461322 -0.269885
v -0.789235 7.795798 0.018553
v -0.141167 14.304529 0.534221
v -0.444822 1.301936 -0.495787
v -0.715192 5.626639 -0.152518
v -0.614892 9.971103 0.200318
v 0.541219 16.895012 0.464861
v -0.806249 7.796546 -0.059338
v -0.626993 3.461074 -0.353073
v -0.282007 -0.856744 -0.850565
v -0.455902 12.146584 0.421184
v 0.324871 14.290448 0.553930
v -0.288608 9.954645 0.561763
v -0.616673 5.628968 0.382512
v -0.650894 1.304341 0.015027
v 0.603057 16.764835 0.426160
v -0.078334 7.790937 0.692626
v 0.536984 12.095366 0.467347
v -0.228325 3.477450 0.684462
v -0.792368 -0.856744 0.363731
v 0.648617 14.275733 0.256170
v 0.169782 9.940383 0.584990
v -0.194356 5.637246 0.673487
v -0.447774 1.311262 0.492930
v 0.578598 16.795900 -0.425009
v -0.850567 -0.856744 0.282008
v -0.311497 3.475479 0.668713
v 0.494203 12.097479 0.529872
v -0.156210 7.790541 0.709657
v 0.668198 14.267735 -0.210179
v 0.531083 9.935448 0.258385
v 0.340600 5.647335 0.574919
v 0.062979 1.319244 0.698971
v 0.725903 3.495780 0.269888
v 0.557357 16.491638 -0.464818
v 0.540348 12.096557 -0.464003
v 0.595704 7.800114 -0.018551
v 0.363730 -0.856744 0.792369
v 0.370560 14.271791 -0.534218
v 0.554428 9.943129 -0.200315
v 0.631557 5.652507 0.152521
v 0.540863 1.322963 0.495790
v -0.320858 16.770069 -0.464857
v 0.746935 1.320559 -0.015024
v 0.228144 9.959584 -0.561760
v 0.533038 5.650178 -0.382509
v -0.095478 14.285871 -0.553927
v 0.311481 3.479651 -0.684459
v -0.115196 7.804976 -0.692624
v -0.390075 12.144494 -0.467344
v -0.358828 16.530430 -0.443267
v 0.792367 -0.856744 -0.363729
v 0.543815 1.313636 -0.492928
v -0.230246 9.973846 -0.584987
v 0.110721 5.641899 -0.673484
v -0.419224 14.300586 -0.256167
v 0.394653 3.481623 -0.668710
v -0.037320 7.805371 -0.709655
v -0.347294 12.142382 -0.529869
v 0.850567 -0.856744 -0.282006
v -0.535336 16.646320 -0.060526
v 0.710149 3.496027 0.353075
v 0.602811 12.093277 -0.421181
v 0.612719 7.799366 0.059340
v 0.282007 -0.856744 0.850568
v 0.208132 16.352383 -0.634471
v 0.989397 -0.856744 -0.130095
v 0.567916 3.485575 -0.657344
v 0.117006 7.806360 -0.763712
v -0.275732 12.138897 -0.667830
v -0.513250 16.703449 -0.367978
v -0.381055 14.294915 -0.539723
v 0.442806 5.648188 -0.703553
v 0.008652 9.969908 -0.764017
v 0.843992 1.318644 -0.338422
v 0.499377 16.513235 -0.604206
v 0.740632 12.086072 -0.349551
v 0.666738 7.797945 0.213693
v 0.130096 -0.856744 0.989398
v 0.698770 3.497021 0.526367
v 0.653934 14.263647 -0.495953
v 0.733270 9.933362 0.038689
v 0.661601 5.653361 0.484654
v 0.386341 1.323980 0.796005
v 0.706386 16.429428 0.398051
v -0.310536 7.789551 0.763715
v 0.422641 12.100962 0.667833
v -0.484760 3.471526 0.657347
v -0.989397 -0.856744 0.130098
v -0.747951 1.306256 0.338424
v -0.526441 5.630957 0.703555
v -0.069116 9.944320 0.764020
v 0.610448 14.281405 0.539726
v -0.283770 16.456638 0.598703
v -0.593723 12.153788 0.349555
v -0.860268 7.797966 -0.213690
v -0.130096 -0.856744 -0.989396
v -0.615614 3.460081 -0.526365
v -0.793734 9.980869 -0.038686
v -0.745236 5.625783 -0.484652
v -0.290300 1.300919 -0.796003
v -0.424541 14.312674 0.495956
v 0.784689 14.266286 -0.074571
v -0.555295 14.310031 0.074575
v 0.822961 1.323320 0.181787
v 0.413971 9.953690 -0.546131
v 0.229864 1.307260 -0.775020
v -0.300377 5.634023 -0.742512
v 0.700600 5.653469 -0.258644
v -0.575874 9.981709 -0.444337
v 0.189384 14.296481 0.670466
v 0.515410 9.932520 0.444340
v 0.216743 5.645122 0.742515
v -0.133823 1.317640 0.775022
v -0.474435 9.960541 0.546134
v -0.784235 5.625676 0.258646
v -0.726920 1.301579 -0.181785
v 0.040009 14.279840 -0.670463
v 0.732177 1.324379 0.406825
v 0.554130 1.323866 0.574665
v 0.026833 1.319251 0.744812
v 0.744003 5.654496 -0.022937
v 0.684367 5.653561 0.211268
v 0.334720 5.647272 0.632278
v 0.557715 9.946440 -0.386897
v 0.622248 9.940717 -0.180368
v 0.553536 9.933921 0.304864
v 0.245322 14.273638 -0.661780
v 0.429737 14.269441 -0.567184
v 0.715026 14.266542 -0.194311
v -0.546669 14.306507 -0.130875
v -0.452183 14.300665 -0.315391
v -0.079633 14.284638 -0.600783
v -0.064704 5.638467 -0.785936
v 0.169462 5.642971 -0.726306
v 0.590388 5.651272 -0.376632
v -0.416703 9.979531 -0.588222
v -0.210293 9.974484 -0.652858
v 0.274599 9.958593 -0.584241
v 0.454876 1.310775 -0.684249
v 0.622685 1.314442 -0.506204
v 0.792769 1.321442 0.021121
v -0.358835 1.314125 0.684251
v -0.526644 1.310458 0.506206
v -0.696728 1.303456 -0.021118
v -0.018931 5.640678 0.785938
v -0.253097 5.636174 0.726308
v -0.674022 5.627872 0.376635
v 0.356240 9.934695 0.588225
v 0.149829 9.939744 0.652861
v -0.335062 9.955636 0.584244
v 0.776062 14.269811 0.130878
v 0.681576 14.275651 0.315395
v 0.309026 14.291678 0.600786
v -0.618178 9.967789 0.386899
v -0.682712 9.973512 0.180371
v -0.614000 9.980310 -0.304861
v -0.827638 5.624650 0.022940
v -0.768002 5.625585 -0.211265
v -0.418355 5.631874 -0.632275
v -0.636136 1.300520 -0.406823
v -0.458089 1.301034 -0.574663
v 0.069208 1.305647 -0.744809
v -0.015929 14.302683 0.661783
v -0.200343 14.306878 0.567187
v -0.485633 14.309778 0.194315
v 0.530014 14.284706 0.591370
v -0.166385 9.947661 0.741910
v -0.605989 5.629378 0.625476
v -0.773585 1.304914 0.228514
v -0.476169 14.312990 0.415455
v -0.180396 1.301973 -0.821649
v -0.667163 5.627201 -0.564216
v -0.771610 9.981979 -0.136026
v 0.869626 1.319986 -0.228512
v 0.105921 9.966567 -0.741907
v 0.522354 5.649767 -0.625474
v -0.300621 14.291612 -0.591367
v 0.276437 1.322925 0.821651
v 0.583528 5.651943 0.564219
v 0.711146 9.932250 0.136029
v 0.705562 14.263329 -0.415451
v -0.476611 14.310642 0.266415
v -0.014518 1.304486 -0.763256
v -0.497935 5.630385 -0.603335
v -0.661043 9.980640 -0.245394
v -0.129306 14.304923 0.582249
v -0.502906 1.301196 -0.501563
v -0.766685 5.625682 -0.126587
v -0.641948 9.971113 0.244287
v 0.381075 14.289313 0.591776
v -0.275648 9.952982 0.631302
v -0.645092 5.628491 0.456225
v -0.715181 1.304032 0.062616
v 0.696610 14.274060 0.244312
v 0.213715 9.938562 0.612051
v -0.168432 5.637783 0.724985
v -0.453555 1.311743 0.551020
v 0.706004 14.265677 -0.266411
v 0.600580 9.933587 0.245397
v 0.414300 5.648760 0.603338
v 0.110559 1.320414 0.763258
v 0.358699 14.271396 -0.582245
v 0.581484 9.943115 -0.244285
v 0.683050 5.653463 0.126589
v 0.598947 1.323703 0.501566
v 0.811222 1.320868 -0.062614
v 0.215185 9.961246 -0.631299
v 0.561457 5.650654 -0.456223
v -0.151681 14.287007 -0.591772
v 0.549596 1.313155 -0.551017
v -0.274178 9.975667 -0.612049
v 0.084797 5.641363 -0.724983
v -0.467216 14.302258 -0.244309
v -0.439249 14.297915 -0.463866
v 0.341518 5.646223 -0.750069
v -0.090362 9.972673 -0.751853
v 0.782650 1.317022 -0.433150
v 0.578114 14.265065 -0.554205
v 0.721142 9.935540 -0.060387
v 0.708116 5.654160 0.383348
v 0.481067 1.324518 0.734649
v -0.686609 1.307878 0.433152
v -0.425153 5.632924 0.750072
v 0.029898 9.941554 0.751856
v 0.668642 14.278405 0.463869
v -0.781606 9.978691 0.060389
v -0.791751 5.624986 -0.383345
v -0.385026 1.300382 -0.734647
v -0.348721 14.311255 0.554208
v -0.525572 15.971986 0.186182
v 0.298730 15.972300 0.638232
v 0.750442 15.958195 -0.186180
v -0.073860 15.957882 -0.638231
v 0.108737 15.956517 -0.645779
v 0.658584 15.956727 -0.344241
v -0.533165 15.969604 0.003532
v -0.231853 15.960197 -0.546389
v 0.758035 15.960574 -0.003531
v 0.456723 15.969984 0.546390
v 0.116133 15.973662 0.645781
v -0.433714 15.973454 0.344242
v -0.061187 15.975040 0.656976
v -0.544403 15.967322 -0.173840
v 0.286057 15.955140 -0.656974
v 0.572638 15.955250 -0.499812
v 0.769273 15.962858 0.173842
v 0.612229 15.967763 0.460461
v -0.387359 15.962419 -0.460460
v -0.347769 15.974933 0.499814
v -0.334862 15.973090 0.368397
v 0.042611 15.973229 0.575134
v 0.479676 15.968486 0.446095
v 0.682022 15.962076 0.069237
v 0.559743 15.957088 -0.368405
v 0.181779 15.956974 -0.573255
v -0.251920 15.961720 -0.442589
v -0.459467 15.968126 -0.069656
v -0.516298 15.964850 -0.344799
v 0.456976 15.954332 -0.628817
v 0.741168 15.965330 0.344800
v -0.232106 15.975848 0.628818
v 0.710233 15.957233 -0.279242
v -0.485363 15.972946 0.279243
v 0.391755 15.971120 0.598037
v -0.166885 15.959060 -0.598035
v 0.026185 15.956974 -0.654376
v 0.226799 15.955981 -0.624530
v 0.608130 15.956754 -0.368383
v -0.541739 15.970762 0.086105
v -0.511953 15.967885 -0.114557
v -0.255397 15.961042 -0.495147
v 0.766609 15.959414 -0.086104
v 0.736823 15.962292 0.114559
v 0.480845 15.969142 0.495928
v 0.198685 15.973206 0.654378
v -0.001929 15.974196 0.624531
v -0.383260 15.973426 0.368384
v 0.682778 15.966705 0.417895
v -0.305196 15.975576 0.570393
v -0.457908 15.963472 -0.417894
v 0.530066 15.954602 -0.570391
v -0.352304 15.974065 0.432385
v 0.068651 15.973598 0.616214
v 0.544820 15.968287 0.464981
v 0.728489 15.961410 0.043957
v 0.577174 15.956117 -0.432383
v 0.156219 15.956582 -0.616212
v -0.319950 15.961892 -0.464979
v -0.503619 15.968770 -0.043956
v -0.546483 15.966241 -0.256236
v 0.368430 15.954541 -0.659033
v 0.771353 15.963943 0.256237
v -0.143560 15.975638 0.659034
v -0.051088 15.971328 0.383254
v 0.480118 15.964636 0.157046
v 0.308234 15.957624 -0.458902
v -0.343507 15.965653 -0.194750
v -0.377696 15.968413 -0.005506
v -0.197263 15.963024 -0.316061
v 0.117840 15.958486 -0.493203
v 0.470015 15.957948 -0.350581
v 0.584334 15.961894 0.005289
v 0.392190 15.966953 0.285501
v 0.106987 15.971749 0.497540
v -0.184982 15.971028 0.291591
v 0.393834 15.957655 -0.412023
v -0.299911 15.964192 -0.281845
v -0.120861 15.971251 0.341587
v 0.488063 15.965904 0.256735
v -0.296232 15.971471 0.267213
v 0.010537 15.972246 0.484584
v 0.199725 15.970671 0.464769
v 0.379911 15.968680 0.409185
v 0.557569 15.963259 0.093761
v 0.545342 15.961014 -0.081242
v -0.152008 15.961535 -0.404564
v -0.375562 15.967100 -0.102802
v -0.337380 15.969322 0.084409
v 0.534376 15.958497 -0.275904
v 0.214870 15.957895 -0.487133
v 0.025388 15.959522 -0.463506
v -0.062138 15.960518 -0.434107
v 0.288935 15.969710 0.438879
v -0.311744 15.970298 0.170583
v 0.584733 15.959289 -0.189945
v -0.096880 15.971632 0.382192
v 0.473683 15.965230 0.198230
v 0.349804 15.957678 -0.433351
v -0.316709 15.964932 -0.235373
v -0.376346 15.967761 -0.053669
v -0.191247 15.962163 -0.377823
v 0.165792 15.958235 -0.487211
v 0.499053 15.958273 -0.311043
v 0.581542 15.962529 0.051584
v 0.395547 15.967824 0.352391
v 0.058620 15.972005 0.491095
v -0.248835 15.971468 0.290731
v -0.141714 15.970893 0.303606
v -0.254670 15.963533 -0.307720
v 0.428071 15.966429 0.264697
v 0.505214 15.964025 0.124019
v 0.430160 15.957840 -0.379466
v 0.260884 15.957792 -0.471206
v -0.357112 15.966370 -0.148163
v -0.027073 15.971951 0.442829
v -0.305969 15.970898 0.218379
v 0.155028 15.971284 0.487160
v 0.338139 15.969296 0.433113
v 0.544211 15.961599 -0.037716
v -0.110154 15.960953 -0.426917
v -0.358122 15.968903 0.041180
v 0.559264 15.958896 -0.233132
v 0.070135 15.958952 -0.483102
v -0.006127 15.960504 -0.406219
v 0.575944 15.960077 -0.135307
v 0.231931 15.969722 0.409711
v -0.296558 15.969516 0.119463
v -0.007532 15.969664 0.281174
v 0.380306 15.964760 0.114424
v 0.231940 15.960531 -0.280082
v -0.137976 15.965401 -0.106942
v -0.182964 15.967092 -0.003304
v -0.106922 15.963626 -0.223850
v 0.115412 15.961447 -0.272072
v 0.335081 15.960644 -0.218278
v 0.422856 15.962987 0.003491
v 0.282616 15.966221 0.173694
v 0.109038 15.969237 0.309914
v -0.108908 15.969509 0.217014
v 0.286629 15.960485 -0.255045
v -0.129823 15.964563 -0.165570
v -0.061681 15.969687 0.254942
v 0.332608 15.965567 0.150502
v -0.135591 15.968964 0.162187
v 0.050118 15.969467 0.296347
v 0.170687 15.968812 0.310187
v 0.274780 15.967269 0.248375
v 0.414986 15.963846 0.063740
v 0.402078 15.962362 -0.054345
v -0.059039 15.962784 -0.262315
v -0.183271 15.966309 -0.062279
v -0.145899 15.967520 0.048491
v 0.368638 15.961086 -0.167518
v 0.173183 15.960822 -0.288894
v 0.067564 15.962221 -0.238889
v 0.002675 15.962214 -0.272915
v 0.230181 15.968172 0.292803
v -0.131419 15.968081 0.098079
v 0.364766 15.961990 -0.101466
v -0.032458 15.969619 0.264568
v 0.354537 15.965180 0.132864
v 0.256813 15.960579 -0.263576
v -0.125123 15.965003 -0.130275
v -0.186096 15.966722 -0.032765
v -0.080521 15.963230 -0.240047
v 0.143401 15.961110 -0.282773
v 0.353682 15.960835 -0.194079
v 0.414202 15.963442 0.033196
v 0.282276 15.966730 0.211421
v 0.079488 15.969321 0.300640
v -0.122141 15.969231 0.188784
v -0.085361 15.969607 0.236291
v -0.120707 15.964102 -0.195412
v 0.314649 15.965948 0.169596
v 0.400002 15.964311 0.090809
v 0.309939 15.960583 -0.235874
v 0.202051 15.960684 -0.284456
v -0.162670 15.965838 -0.086792
v 0.022097 15.969532 0.286756
v -0.135987 15.968537 0.129672
v 0.139322 15.969001 0.307574
v 0.254195 15.967731 0.272050
v 0.417503 15.962623 -0.026638
v -0.029125 15.962456 -0.271487
v -0.165958 15.967344 0.024377
v 0.370061 15.961517 -0.134403
v 0.090819 15.961953 -0.246799
v 0.037334 15.962185 -0.257289
v 0.369750 15.962309 -0.075100
v 0.200492 15.968502 0.301936
v -0.155214 15.967985 0.078189
v 0.062791 15.966983 0.116360
v 0.246732 15.964924 0.057386
v 0.167475 15.962990 -0.128991
v -0.009618 15.965240 -0.052104
v -0.034220 15.966084 -0.001623
v 0.016743 15.964451 -0.097627
v 0.113947 15.963231 -0.138598
v 0.220026 15.962940 -0.105467
v 0.262257 15.964074 0.001704
v 0.209280 15.965735 0.098864
v 0.110971 15.966870 0.133065
v 0.019336 15.966946 0.091293
v 0.191692 15.962995 -0.116032
v 0.003382 15.964853 -0.074508
v 0.037400 15.967071 0.109879
v 0.233244 15.965351 0.082599
v 0.004981 15.966765 0.070282
v 0.085149 15.967007 0.129755
v 0.137199 15.966674 0.131918
v 0.190608 15.966139 0.119624
v 0.262960 15.964471 0.031731
v 0.257625 15.963720 -0.027225
v 0.034548 15.964043 -0.119122
v -0.026645 15.965663 -0.029272
v -0.024568 15.966377 0.025732
v 0.241885 15.963067 -0.084626
v 0.142534 15.962976 -0.143146
v 0.087666 15.963505 -0.131829
v 0.063593 15.963809 -0.121410
v 0.165268 15.966473 0.131413
v -0.007999 15.966567 0.048455
v 0.252114 15.963373 -0.056153
v 0.051869 15.966983 0.110602
v 0.234467 15.965137 0.066990
v 0.182062 15.962914 -0.127102
v -0.003123 15.965045 -0.063350
v -0.030442 15.965871 -0.015662
v 0.024160 15.964237 -0.109793
v 0.128454 15.963030 -0.146312
v 0.231370 15.962992 -0.095667
v 0.263569 15.964263 0.016644
v 0.197996 15.965916 0.106531
v 0.097788 15.966968 0.133622
v 0.015189 15.966805 0.078278
v 0.028475 15.967007 0.100314
v 0.014120 15.964673 -0.082379
v 0.217129 15.965536 0.087827
v 0.254419 15.964704 0.044855
v 0.205386 15.962967 -0.110997
v 0.154256 15.963034 -0.132746
v -0.017693 15.965444 -0.041033
v 0.075251 15.966916 0.118033
v -0.001449 15.966669 0.059462
v 0.124062 15.966782 0.133097
v 0.179881 15.966345 0.129463
v 0.256173 15.963925 -0.012533
v 0.049818 15.963923 -0.120059
v -0.029117 15.966236 0.012412
v 0.245744 15.963241 -0.069533
v 0.101347 15.963481 -0.126523
v 0.074915 15.963638 -0.128503
v 0.254068 15.963558 -0.041323
v 0.150672 15.966569 0.131148
v -0.016121 15.966480 0.037572
v 0.112425 15.965094 0.000034
vn 0.6991 -0.0497 -0.7133
vn 0.9093 -0.0164 -0.4158
vn 0.9859 -0.0117 -0.1672
vn 0.8640 -0.0435 -0.5017
vn 0.9851 -0.0003 -0.1719
vn 0.9962 0.0043 0.0871
vn 0.9054 -0.0275 0.4237
vn 0.9823 -0.0489 0.1810
vn 0.9810 -0.0857 -0.1744
vn -0.7063 -0.0540 0.7058
vn -0.9103 -0.0210 0.4135
vn -0.9857 0.0100 0.1680
vn -0.8634 -0.0240 0.5039
vn -0.9863 -0.0040 0.1650
vn -0.9959 0.0257 -0.0872
vn -0.9042 0.0448 -0.4248
vn -0.9828 0.0312 -0.1819
vn -0.9846 -0.0036 0.1747
vn 0.9998 -0.0149 0.0154
vn 0.9763 -0.0338 -0.2138
vn 0.9896 0.0111 0.1433
vn 0.9350 0.0328 0.3532
vn 0.8495 -0.0199 -0.5272
vn 0.9806 0.0132 -0.1957
vn 0.9979 0.0284 0.0583
vn 0.9208 0.0331 0.3887
vn 0.8151 0.0577 0.5765
vn 0.5137 -0.0147 -0.8578
vn 0.2077 -0.0502 -0.9769
vn 0.5387 -0.0310 -0.8419
vn 0.7828 0.0114 -0.6222
vn -0.1735 -0.0406 -0.9840
vn 0.1824 -0.0196 -0.9830
vn 0.4254 -0.0119 -0.9049
vn 0.7346 -0.0236 -0.6780
vn 0.9148 0.0232 -0.4032
vn -0.5257 -0.0562 -0.8488
vn -0.1942 -0.0192 -0.9808
vn 0.1450 0.0181 -0.9893
vn -0.2118 -0.0218 -0.9771
vn 0.0600 0.0013 -0.9982
vn 0.3902 0.0359 -0.9200
vn 0.5737 0.0644 -0.8165
vn 0.3501 0.0486 -0.9355
vn 0.0108 0.0114 -0.9999
vn -0.8569 -0.0112 -0.5153
vn -0.6226 0.0166 -0.7823
vn -0.4225 -0.0127 -0.9063
vn -0.7126 -0.0449 -0.7001
vn -0.4047 0.0294 -0.9140
vn -0.1798 0.0068 -0.9837
vn 0.7008 0.0108 -0.7133
vn 0.9058 0.0396 -0.4218
vn 0.9825 0.0524 -0.1787
vn -0.8411 0.0356 -0.5397
vn -0.9774 0.0066 -0.2112
vn -0.6769 0.0451 -0.7347
vn 0.7172 -0.0502 0.6951
vn 0.4028 -0.0156 0.9152
vn 0.1687 -0.0008 0.9857
vn 0.5035 -0.0375 0.8632
vn 0.1573 -0.0003 0.9876
vn -0.0858 0.0178 0.9962
vn -0.4226 0.0290 0.9059
vn -0.1804 0.0018 0.9836
vn 0.1752 -0.0487 0.9833
vn 0.8402 -0.0482 0.5401
vn 0.9736 -0.0896 0.2097
vn 0.6767 -0.0233 0.7359
vn 0.3999 0.0192 0.9164
vn 0.6189 0.0060 0.7855
vn 0.8540 -0.0210 0.5198
vn 0.4212 0.0195 0.9068
vn 0.7121 0.0103 0.7020
vn 0.1782 0.0197 0.9838
vn -0.0566 0.0040 0.9984
vn 0.1981 -0.0036 0.9802
vn 0.5315 -0.0247 0.8467
vn -0.1424 0.0267 0.9895
vn 0.2169 -0.0223 0.9759
vn -0.3883 0.0501 0.9202
vn -0.5753 0.0957 0.8124
vn -0.3536 0.0680 0.9329
vn -0.0183 0.0133 0.9997
vn -0.5411 0.0186 0.8408
vn -0.2138 -0.0323 0.9763
vn -0.7350 0.0452 0.6765
vn -0.9156 0.0253 0.4014
vn -0.7850 0.0111 0.6194
vn -0.5213 -0.0176 0.8532
vn -0.9061 -0.0327 0.4219
vn -0.7006 -0.0455 0.7121
vn -0.9835 -0.0257 0.1791
vn -0.9980 -0.0232 -0.0582
vn -0.9798 -0.0362 0.1968
vn -0.8455 -0.0612 0.5304
vn -0.9890 0.0341 -0.1440
vn -0.9766 -0.0099 0.2147
vn -0.9194 0.0532 -0.3897
vn -0.8136 0.1026 -0.5723
vn -0.9328 0.0841 -0.3504
vn -0.9991 0.0397 -0.0141
vn -0.7068 -0.0527 -0.7054
vn -0.4079 -0.0185 -0.9129
vn -0.1665 -0.0007 -0.9860
vn -0.5025 -0.0297 -0.8641
vn -0.1634 -0.0021 -0.9866
vn 0.0888 0.0124 -0.9960
vn 0.9504 0.0418 0.3082
vn 0.7919 0.0545 0.6083
vn 0.7827 0.0659 0.6189
vn 0.5274 0.0950 0.8443
vn 0.3259 0.1292 0.9365
vn 0.6415 0.0826 0.7627
vn 0.8782 -0.0735 -0.4725
vn 0.9461 -0.0665 -0.3171
vn 0.9932 -0.1151 0.0148
vn 0.9789 -0.1280 -0.1590
vn 0.9963 -0.0380 0.0775
vn 0.9123 -0.0666 0.4042
vn 0.7913 -0.0464 0.6097
vn 0.9654 -0.1135 0.2349
vn 0.9896 -0.1350 0.0504
vn 0.9410 -0.0627 0.3327
vn 0.8445 -0.0528 0.5329
vn 0.6174 -0.0866 0.7819
vn 0.7795 -0.1124 0.6163
vn 0.4179 -0.0699 0.9058
vn 0.6296 -0.1117 0.7689
vn 0.9869 0.0346 -0.1577
vn 0.9952 0.0624 0.0758
vn 0.9778 0.0581 0.2013
vn 0.9043 0.0775 0.4198
vn 0.5603 -0.0780 -0.8246
vn 0.6943 -0.0689 -0.7163
vn 0.8457 -0.0222 -0.5331
vn 0.7421 -0.0319 -0.6695
vn 0.9227 -0.0407 -0.3833
vn 0.9876 0.0049 -0.1572
vn 0.9872 -0.0764 -0.1397
vn 0.9939 -0.0583 0.0937
vn 0.9464 -0.0079 0.3230
vn 0.9948 -0.0172 0.1008
vn 0.6407 -0.0030 -0.7678
vn 0.8827 -0.0142 -0.4698
vn 0.8690 0.0230 -0.4943
vn 0.9915 0.0140 -0.1294
vn -0.1248 -0.1158 -0.9854
vn 0.0527 -0.1145 -0.9920
vn 0.4208 -0.1245 -0.8986
vn 0.2595 -0.1252 -0.9576
vn 0.4414 -0.0952 -0.8923
vn 0.7429 -0.1064 -0.6609
vn 0.6441 -0.1367 -0.7526
vn 0.8041 -0.1252 -0.5811
vn 0.9626 -0.1340 -0.2357
vn 0.8796 -0.1482 -0.4521
vn 0.0884 0.0141 -0.9960
vn 0.3381 0.0252 -0.9408
vn 0.4350 0.0488 -0.8991
vn 0.6459 0.0525 -0.7616
vn -0.6493 -0.1145 -0.7519
vn -0.5111 -0.1067 -0.8529
vn -0.2917 -0.0912 -0.9521
vn -0.4542 -0.0978 -0.8855
vn -0.1334 -0.0762 -0.9881
vn 0.1082 -0.0628 -0.9921
vn 0.1478 -0.1000 -0.9839
vn 0.3283 -0.0882 -0.9404
vn 0.5587 -0.0830 -0.8252
vn 0.3523 -0.0975 -0.9308
vn -0.9958 0.0120 -0.0909
vn -0.9408 0.0402 -0.3367
vn -0.9010 0.0453 -0.4314
vn -0.7611 0.0685 -0.6450
vn -0.4909 0.0786 -0.8677
vn -0.7664 0.0558 -0.6399
vn -0.7430 -0.1177 0.6588
vn -0.8452 -0.1109 0.5229
vn -0.9530 -0.0829 0.2915
vn -0.8881 -0.0917 0.4504
vn -0.9858 -0.0814 0.1466
vn -0.9930 -0.0505 -0.1067
vn -0.8952 -0.0389 -0.4440
vn -0.9961 -0.0683 -0.0556
vn -0.9898 -0.0770 0.1203
vn -0.9906 -0.1102 -0.0810
vn -0.9450 -0.0950 -0.3129
vn -0.8271 -0.0686 -0.5579
vn -0.9322 -0.0844 -0.3519
vn -0.5834 -0.0694 -0.8092
vn -0.7561 -0.0806 -0.6495
vn 0.0745 0.0264 -0.9969
vn 0.3101 0.0218 -0.9504
vn -0.1604 0.0414 -0.9862
vn 0.1950 0.0643 -0.9787
vn 0.4177 0.0586 -0.9067
vn 0.6217 0.0581 -0.7811
vn -0.4713 -0.1103 -0.8750
vn -0.6671 -0.0866 -0.7399
vn -0.5318 -0.0760 -0.8435
vn -0.3144 -0.1008 -0.9439
vn -0.8240 -0.0714 -0.5621
vn -0.7161 -0.0632 -0.6951
vn -0.3859 -0.0337 -0.9219
vn -0.1579 -0.0398 -0.9866
vn 0.0816 -0.0644 -0.9946
vn 0.3325 -0.0824 -0.9395
vn 0.0997 -0.0513 -0.9937
vn 0.3219 -0.0317 -0.9463
vn 0.5373 -0.0643 -0.8409
vn -0.1383 -0.0659 -0.9882
vn 0.0884 -0.0506 -0.9948
vn -0.4688 0.0521 -0.8818
vn -0.1290 0.0695 -0.9892
vn -0.9621 -0.0659 -0.2646
vn -0.9022 -0.0601 -0.4272
vn -0.6625 -0.0369 -0.7481
vn -0.4513 -0.0815 -0.8886
vn -0.2377 -0.0740 -0.9685
vn 0.6096 0.0530 -0.7909
vn 0.7607 0.0795 -0.6442
vn 0.8460 0.0882 -0.5258
vn 0.9368 0.1129 -0.3311
vn 0.0503 -0.1104 -0.9926
vn -0.1580 -0.1189 -0.9803
vn 0.0172 -0.1070 -0.9941
vn 0.2318 -0.0946 -0.9681
vn 0.4078 -0.0639 -0.9108
vn 0.6055 -0.0425 -0.7947
vn 0.7690 -0.1153 -0.6288
vn 0.6201 -0.1148 -0.7761
vn 0.7841 -0.0917 -0.6138
vn 0.9031 -0.0835 -0.4212
vn -0.3072 0.0113 0.9516
vn -0.6079 0.0718 0.7907
vn -0.6193 0.0305 0.7846
vn -0.8437 0.1110 0.5251
vn -0.9310 0.1633 0.3266
vn -0.7596 0.1209 0.6390
vn 0.4734 -0.0805 0.8772
vn 0.3215 -0.0793 0.9436
vn -0.0121 -0.1017 0.9947
vn 0.1650 -0.1168 0.9794
vn -0.0727 -0.0636 0.9953
vn -0.4032 -0.0506 0.9137
vn -0.6102 -0.0084 0.7922
vn -0.2365 -0.0815 0.9682
vn -0.0495 -0.1080 0.9929
vn -0.3303 -0.0946 0.9391
vn -0.5296 -0.0878 0.8437
vn -0.7832 -0.0713 0.6177
vn -0.6150 -0.0983 0.7824
vn -0.9064 -0.0345 0.4210
vn -0.7713 -0.0745 0.6321
vn 0.1546 0.0323 0.9875
vn -0.0763 0.0192 0.9969
vn -0.2045 0.0582 0.9771
vn -0.4209 0.0246 0.9068
vn 0.8243 -0.0859 0.5596
vn 0.7122 -0.0745 0.6980
vn 0.5327 -0.0356 0.8455
vn 0.6684 -0.0360 0.7429
vn 0.3766 -0.0433 0.9254
vn 0.1566 -0.0288 0.9872
vn 0.1386 -0.0765 0.9874
vn -0.0986 -0.0574 0.9935
vn -0.3220 -0.0583 0.9449
vn -0.1010 -0.0609 0.9930
vn 0.7696 -0.0039 0.6386
vn 0.4686 0.0036 0.8834
vn 0.4990 0.0420 0.8656
vn 0.1284 0.0539 0.9903
vn 0.9802 -0.1562 -0.1214
vn 0.9874 -0.1484 0.0543
vn 0.8935 -0.1489 0.4237
vn 0.9531 -0.1612 0.2561
vn 0.8908 -0.1090 0.4412
vn 0.6565 -0.1035 0.7472
vn 0.7488 -0.1352 0.6488
vn 0.5804 -0.1112 0.8067
vn 0.2302 -0.0991 0.9681
vn 0.4515 -0.1288 0.8829
vn 0.9960 0.0169 0.0878
vn 0.9418 0.0206 0.3355
vn 0.9008 0.0497 0.4313
vn 0.7650 0.0530 0.6419
vn 0.7449 -0.1118 -0.6577
vn 0.8499 -0.1035 -0.5167
vn 0.9517 -0.1029 -0.2894
vn 0.8865 -0.1102 -0.4493
vn 0.9893 -0.0716 -0.1271
vn 0.9916 -0.0703 0.1082
vn 0.9815 -0.0964 0.1653
vn 0.9409 -0.0869 0.3275
vn 0.8252 -0.0837 0.5586
vn 0.9284 -0.1012 0.3575
vn -0.6369 0.0546 0.7690
vn -0.8808 0.0693 0.4683
vn -0.8627 0.0972 0.4962
vn -0.9857 0.1083 0.1289
vn -0.9780 0.0644 -0.1983
vn -0.9868 0.0389 0.1573
vn 0.1166 -0.1177 0.9862
vn -0.0572 -0.1027 0.9931
vn -0.4304 -0.0847 0.8987
vn -0.2620 -0.1021 0.9597
vn -0.4433 -0.0531 0.8948
vn -0.7513 -0.0345 0.6591
vn -0.9246 -0.0365 0.3792
vn -0.6988 -0.0689 0.7120
vn -0.5614 -0.0790 0.8237
vn -0.6533 -0.0793 0.7530
vn -0.8103 -0.0555 0.5834
vn -0.9717 -0.0396 0.2329
vn -0.8901 -0.0619 0.4516
vn -0.9944 -0.0497 -0.0934
vn -0.9883 -0.0662 0.1373
vn -0.9970 -0.0164 -0.0752
vn -0.9079 0.0060 -0.4191
vn -0.7824 0.0228 -0.6224
vn -0.9510 -0.0087 -0.3092
vn -0.8423 -0.0891 0.5315
vn -0.7399 -0.0908 0.6665
vn -0.9849 -0.0729 0.1573
vn -0.9930 -0.0900 -0.0768
vn -0.9409 -0.1136 0.3190
vn -0.8735 -0.1170 0.4726
vn -0.9435 -0.0816 -0.3211
vn -0.9905 -0.0943 -0.1001
vn -0.8395 -0.0992 -0.5342
vn -0.9370 -0.1143 -0.3302
vn -0.7899 0.0705 -0.6091
vn -0.5237 0.1043 -0.8455
vn -0.3323 0.1475 -0.9316
vn -0.6420 0.1181 -0.7576
vn -0.9955 -0.0932 -0.0146
vn -0.9806 -0.1076 0.1637
vn -0.9122 -0.0476 -0.4069
vn -0.7956 -0.0043 -0.6058
vn -0.9704 -0.0622 -0.2334
vn -0.9953 -0.0826 -0.0497
vn -0.6142 -0.0765 -0.7854
vn -0.7791 -0.1003 -0.6188
vn -0.4249 -0.0483 -0.9040
vn -0.6316 -0.0782 -0.7713
vn -0.0942 0.0147 0.9954
vn -0.3345 0.0357 0.9417
vn -0.4336 0.0468 0.8999
vn -0.6413 0.0690 0.7641
vn 0.6546 -0.1133 0.7474
vn 0.5173 -0.1067 0.8491
vn 0.2894 -0.0944 0.9525
vn 0.4459 -0.1040 0.8890
vn 0.1367 -0.0771 0.9876
vn -0.1069 -0.0578 0.9926
vn -0.1114 -0.1086 0.9878
vn -0.3310 -0.0937 0.9390
vn -0.5583 -0.0694 0.8267
vn -0.3577 -0.0879 0.9297
vn 0.8033 0.0023 0.5955
vn 0.5577 0.0354 0.8293
vn 0.3441 0.0467 0.9378
vn 0.6442 0.0103 0.7648
vn 0.1832 0.0751 0.9802
vn -0.0609 0.0884 0.9942
vn -0.3966 0.1077 0.9117
vn 0.0016 0.0491 0.9988
vn 0.3422 -0.0021 0.9396
vn -0.3806 0.0648 0.9225
vn -0.0427 0.0123 0.9990
vn -0.7157 0.1226 0.6876
vn -0.9051 0.0824 0.4172
vn -0.6620 0.0518 0.7477
vn -0.3670 0.0239 0.9299
vn -0.8163 0.0022 0.5777
vn -0.5693 -0.0088 0.8221
vn -0.9794 0.0189 0.2008
vn -0.9985 0.0425 -0.0351
vn -0.9287 0.0098 0.3707
vn -0.7448 -0.0150 0.6671
vn -0.9944 0.0998 0.0350
vn -0.9248 0.0582 0.3760
vn -0.9187 0.1424 -0.3684
vn -0.8147 0.1923 -0.5470
vn -0.9715 0.1560 -0.1783
vn -0.9801 0.1149 0.1620
vn -0.5907 -0.0014 0.8069
vn -0.8299 0.0332 0.5570
vn -0.9378 0.0601 0.3419
vn -0.7648 0.0254 0.6438
vn -0.9817 0.0748 0.1753
vn -0.9930 0.0978 -0.0657
vn -0.9065 0.1256 -0.4031
vn -0.9962 0.0875 -0.0020
vn -0.9388 0.0491 0.3408
vn -0.6643 -0.0166 -0.7473
vn -0.3680 0.0207 -0.9296
vn -0.0343 0.0856 -0.9957
vn -0.3746 0.0484 -0.9259
vn 0.0372 0.0664 -0.9971
vn 0.3691 0.1255 -0.9209
vn 0.5498 0.1559 -0.8206
vn 0.1764 0.1248 -0.9764
vn -0.1660 0.0924 -0.9818
vn -0.9316 0.0306 -0.3621
vn -0.7512 0.0575 -0.6576
vn -0.5788 0.0124 -0.8154
vn -0.8226 -0.0178 -0.5684
vn -0.4230 0.0860 -0.9020
vn -0.2026 0.0500 -0.9780
vn -0.9206 0.0928 -0.3794
vn -0.9973 0.0600 -0.0413
vn -0.6868 0.1234 -0.7163
vn 0.9847 0.0609 -0.1635
vn 0.9260 0.0340 -0.3760
vn 0.9965 0.0753 -0.0361
vn 0.9782 0.1027 0.1807
vn 0.7471 0.0198 -0.6644
vn 0.9279 0.0553 -0.3686
vn 0.9950 0.0932 0.0348
vn 0.9223 0.1214 0.3668
vn 0.8183 0.1481 0.5554
vn 0.3603 0.0291 -0.9324
vn 0.0403 0.0117 -0.9991
vn 0.3807 0.0314 -0.9242
vn 0.6579 0.0541 -0.7512
vn -0.3381 0.0206 -0.9409
vn 0.0057 0.0435 -0.9990
vn 0.4079 0.0702 -0.9103
vn 0.7207 0.0565 -0.6910
vn 0.9038 0.0812 -0.4201
vn 0.5679 0.0373 -0.8223
vn 0.8138 0.0673 -0.5772
vn 0.9750 0.0964 -0.2000
vn -0.8149 -0.0043 -0.5796
vn -0.5664 0.0319 -0.8235
vn -0.3389 0.0516 -0.9394
vn -0.6419 0.0218 -0.7664
vn -0.1821 0.0754 -0.9804
vn 0.0695 0.0847 -0.9940
vn 0.6667 0.0215 0.7450
vn 0.3711 0.0446 0.9275
vn 0.0370 0.0892 0.9953
vn 0.3777 0.0437 0.9249
vn -0.0327 0.0697 0.9970
vn -0.3662 0.1380 0.9202
vn -0.5528 0.1844 0.8126
vn -0.1824 0.1340 0.9740
vn 0.1602 0.0835 0.9836
vn 0.9306 0.0223 0.3653
vn 0.7476 0.0486 0.6623
vn 0.5758 0.0574 0.8156
vn 0.8208 0.0467 0.5693
vn 0.4142 0.0779 0.9068
vn 0.1984 0.0653 0.9780
vn 0.9400 -0.0308 -0.3399
vn 1.0000 0.0049 0.0020
vn 0.9244 0.0028 0.3815
vn 0.9985 -0.0369 0.0409
vn 0.9142 0.0524 0.4018
vn 0.6908 0.0558 0.7209
vn 0.5845 0.0001 -0.8114
vn 0.8279 0.0361 -0.5597
vn 0.9394 0.0380 -0.3408
vn 0.7667 0.0066 -0.6420
vn 0.9814 0.0776 -0.1754
vn 0.9951 0.0751 0.0644
vn -0.9698 0.1041 -0.2206
vn -0.8834 0.1214 -0.4526
vn -0.9187 0.1103 -0.3793
vn -0.7903 0.1255 -0.5998
vn -0.5333 0.1453 -0.8333
vn -0.6709 0.1450 -0.7272
vn 0.4261 0.1020 -0.8989
vn 0.6997 0.1477 -0.6990
vn 0.5740 0.1120 -0.8112
vn 0.8078 0.1496 -0.5701
vn 0.9004 0.1630 -0.4033
vn 0.8218 0.1664 -0.5450
vn -0.0341 0.1029 -0.9941
vn 0.1986 0.0808 -0.9767
vn 0.1357 0.1046 -0.9852
vn 0.3627 0.0897 -0.9276
vn -0.3479 0.1360 -0.9276
vn -0.1842 0.1339 -0.9737
vn -0.7780 0.0874 0.6222
vn -0.9071 0.1080 0.4068
vn -0.8966 0.1021 0.4309
vn -0.9751 0.1220 0.1852
vn -0.9742 0.1578 -0.1614
vn -0.9872 0.1432 0.0701
vn -0.4323 0.0664 -0.8993
vn -0.1024 0.1402 -0.9848
vn -0.2147 0.0859 -0.9729
vn 0.1210 0.1498 -0.9813
vn 0.3054 0.1731 -0.9364
vn 0.0951 0.1712 -0.9806
vn -0.7946 0.0923 -0.6000
vn -0.6361 0.0389 -0.7706
vn -0.6394 0.1006 -0.7623
vn -0.4442 0.0537 -0.8943
vn -0.9391 0.1469 -0.3108
vn -0.8430 0.1567 -0.5145
vn -0.2097 0.1037 0.9723
vn -0.4475 0.1179 0.8865
vn -0.3682 0.1099 0.9232
vn -0.5945 0.1246 0.7944
vn -0.8272 0.1615 0.5382
vn -0.7202 0.1507 0.6772
vn -0.9230 0.1612 0.3495
vn -0.9679 0.1689 0.1863
vn -0.9854 0.1039 -0.1346
vn -0.9944 0.1013 0.0310
vn -0.9791 0.0341 -0.2005
vn -0.9306 0.0383 -0.3640
vn -0.8128 0.0790 -0.5771
vn -0.9014 0.0698 -0.4273
vn -0.6964 0.1642 -0.6986
vn -0.5678 0.1656 -0.8064
vn -0.4002 0.1976 -0.8949
vn -0.5418 0.2027 -0.8157
vn 0.6229 0.0893 0.7772
vn 0.4102 0.0935 0.9072
vn 0.4327 0.1033 0.8956
vn 0.1914 0.1090 0.9754
vn -0.1575 0.1276 0.9792
vn 0.0757 0.1020 0.9919
vn -0.3116 0.1156 0.9431
vn -0.5169 0.1394 0.8446
vn -0.7630 0.0950 0.6394
vn -0.6058 0.0867 0.7908
vn -0.7723 0.0329 0.6344
vn -0.8946 0.0353 0.4455
vn -0.9743 0.0709 0.2137
vn -0.8986 0.0581 0.4350
vn -0.9828 0.1531 0.1029
vn -0.9782 0.1658 -0.1253
vn -0.9301 0.2051 -0.3049
vn -0.9750 0.1990 -0.0984
vn 0.9702 0.1057 0.2180
vn 0.8878 0.1020 0.4489
vn 0.9211 0.1115 0.3731
vn 0.7974 0.1080 0.5937
vn 0.5420 0.1060 0.8337
vn 0.6813 0.0936 0.7260
vn 0.3514 0.1004 0.9308
vn 0.1833 0.1139 0.9764
vn -0.1363 0.0972 0.9859
vn 0.0268 0.0953 0.9951
vn -0.2023 0.0642 0.9772
vn -0.3627 0.0602 0.9300
vn -0.5772 0.0887 0.8118
vn -0.4254 0.0856 0.9009
vn -0.6976 0.1672 0.6967
vn -0.8085 0.1724 0.5626
vn -0.8933 0.2092 0.3979
vn -0.8173 0.2085 0.5371
vn 0.7840 0.0912 -0.6140
vn 0.9101 0.0863 -0.4052
vn 0.9009 0.1059 -0.4208
vn 0.9772 0.0983 -0.1882
vn 0.9836 0.0774 0.1630
vn 0.9957 0.0613 -0.0692
vn 0.9476 0.0565 0.3144
vn 0.8480 0.0757 0.5245
vn 0.6381 0.0916 0.7645
vn 0.7910 0.0841 0.6060
vn 0.6313 0.0885 0.7705
vn 0.4440 0.0882 0.8917
vn 0.2134 0.1021 0.9716
vn 0.4345 0.0931 0.8959
vn 0.1055 0.1418 0.9843
vn -0.1281 0.1584 0.9790
vn -0.3062 0.1876 0.9333
vn -0.1031 0.1752 0.9791
vn 0.6995 0.1509 0.6985
vn 0.5406 0.1728 0.8233
vn 0.8978 0.1177 0.4244
vn 0.8096 0.1219 0.5742
vn 0.5652 0.1563 0.8100
vn 0.4015 0.1751 0.8990
vn 0.9336 0.0744 -0.3505
vn 0.9949 0.0966 -0.0299
vn 0.7319 0.0876 -0.6757
vn 0.8384 0.0893 -0.5377
vn 0.9802 0.0779 -0.1821
vn 0.9856 0.0982 0.1375
vn 0.9734 0.1110 0.2007
vn 0.9256 0.1114 0.3617
vn 0.2086 0.1040 -0.9725
vn 0.4545 0.1057 -0.8845
vn 0.3617 0.1093 -0.9259
vn 0.5994 0.1088 -0.7930
vn 0.9861 0.1290 -0.1048
vn 0.9841 0.1469 0.1001
vn 0.8961 0.1011 -0.4321
vn 0.9697 0.1169 -0.2146
vn 0.9820 0.1423 0.1239
vn 0.9391 0.1554 0.3066
vn 0.3141 0.0887 -0.9453
vn 0.6002 0.0896 -0.7949
vn -0.0634 0.1027 -0.9927
vn 0.1669 0.1081 -0.9800
vn 0.5221 0.0931 -0.8478
vn 0.7638 0.0970 -0.6381
vn 0.7680 0.0942 -0.6335
vn 0.8903 0.1063 -0.4428
vn -0.6236 0.0877 -0.7768
vn -0.4021 0.1008 -0.9100
vn -0.4320 0.1033 -0.8959
vn -0.1820 0.1113 -0.9770
vn -0.9634 -0.0396 -0.2653
vn -0.8664 -0.0099 -0.4992
vn -0.6408 -0.0045 -0.7677
vn 0.2524 0.0033 -0.9676
vn 0.4753 -0.0179 -0.8796
vn 0.0186 0.0018 -0.9998
vn -0.3050 -0.0088 -0.9523
vn 0.7418 -0.0094 -0.6705
vn 0.8715 0.0155 -0.4902
vn 0.2738 -0.0350 -0.9611
vn 0.5002 -0.0249 -0.8656
vn 0.7655 -0.0623 -0.6405
vn 0.9499 -0.0715 -0.3044
vn 0.9997 -0.0055 0.0228
vn 0.9668 0.0309 0.2537
vn 0.8815 -0.0039 0.4722
vn 0.6726 -0.0051 0.7400
vn 0.4868 0.0265 0.8731
vn -0.4702 -0.0378 0.8818
vn -0.7403 0.0115 0.6722
vn -0.8710 0.0636 0.4872
vn -0.0267 -0.0060 0.9996
vn -0.2536 -0.0180 0.9671
vn 0.6412 -0.0525 0.7656
vn 0.3012 -0.0414 0.9526
vn 0.9568 -0.0306 0.2891
vn 0.8663 -0.0265 0.4988
vn -0.7665 0.0051 0.6422
vn -0.9529 0.0205 0.3026
vn -0.9997 0.0012 -0.0226
vn -0.9665 -0.0451 -0.2526
vn -0.8793 -0.0518 -0.4735
vn -0.6703 0.0072 -0.7421
vn -0.4911 0.0528 -0.8695
vn -0.2777 -0.0356 0.9600
vn -0.4983 -0.0115 0.8669
vn -0.1222 -0.0603 0.9907
vn -0.5292 -0.0145 0.8484
vn 0.3618 -0.1110 0.9256
vn 0.9775 -0.0469 0.2059
vn 0.7965 -0.0013 0.6046
vn 0.9180 -0.1065 -0.3820
vn 0.2514 -0.0462 -0.9668
vn 0.5147 -0.0141 -0.8573
vn -0.1906 -0.0938 -0.9772
vn -0.9901 -0.0643 -0.1249
vn -0.8615 -0.0198 -0.5074
vn -0.9460 -0.1099 0.3050
vn -0.7371 0.0813 -0.6709
vn -0.5316 0.1065 -0.8403
vn -0.8949 0.0498 -0.4435
vn 0.1272 0.1061 -0.9862
vn 0.2431 0.1109 -0.9637
vn -0.3686 0.0596 -0.9277
vn 0.6646 0.0843 -0.7424
vn 0.8562 0.1111 -0.5046
vn 0.1965 0.0212 -0.9803
vn 0.9674 0.1144 0.2261
vn 0.9547 0.1166 0.2737
vn 0.9598 0.0741 -0.2708
vn 0.6172 0.0987 0.7806
vn 0.5261 0.1069 0.8437
vn 0.9431 0.0415 0.3298
vn -0.1939 0.1112 0.9747
vn -0.2602 0.1148 0.9587
vn 0.1525 0.0845 0.9847
vn -0.6879 0.0839 0.7209
vn -0.8431 0.1058 0.5272
vn -0.4456 0.0515 0.8937
vn -0.9701 0.1125 -0.2150
vn -0.9531 0.1158 -0.2795
vn -0.9634 0.0722 0.2580
vn 0.6916 0.0120 -0.7221
vn -0.6874 0.0130 -0.7262
vn -0.7780 0.0232 0.6279
vn 0.5485 0.0363 0.8354
vn -0.2753 -0.1115 0.9549
vn -0.7072 -0.0629 0.7042
vn -0.0137 -0.1280 0.9917
vn 0.6377 -0.1295 0.7593
vn 0.7228 -0.1325 0.6783
vn -0.0229 0.0040 0.9997
vn 0.2298 -0.0129 0.9732
vn 0.9702 -0.1045 0.2186
vn 0.9341 -0.0978 0.3435
vn 0.9871 -0.1086 0.1173
vn 0.6940 -0.1297 -0.7082
vn 0.6747 -0.1306 -0.7264
vn 0.9966 -0.0007 -0.0819
vn 0.9326 -0.0220 -0.3602
vn -0.9838 -0.1208 -0.1324
vn -0.8712 -0.0911 -0.4824
vn -0.9908 -0.1293 0.0395
vn -0.7783 -0.1331 0.6137
vn -0.6717 -0.1375 0.7280
vn -1.0000 -0.0004 -0.0058
vn -0.9507 -0.0222 0.3092
vn 0.2222 -0.1070 -0.9691
vn 0.3741 -0.0963 -0.9224
vn 0.0868 -0.1141 -0.9897
vn -0.6035 -0.1281 -0.7870
vn -0.7092 -0.1329 -0.6924
vn 0.0153 0.0026 -0.9999
vn -0.2373 -0.0159 -0.9713
vn -0.5178 -0.0369 -0.8547
vn 0.5074 -0.0322 0.8611
vn 0.6034 -0.0393 0.7964
vn -0.8283 -0.0437 0.5585
vn 0.8526 -0.0339 -0.5214
vn 0.7924 -0.0402 -0.6086
vn -0.7319 0.0351 0.6806
vn -0.8514 0.0402 0.5230
vn -0.9813 0.0118 0.1922
vn -0.9269 0.0048 0.3752
vn -0.9981 -0.0026 -0.0617
vn -0.9917 -0.0095 0.1283
vn -0.9826 0.0396 -0.1815
vn -0.9053 0.0222 -0.4241
vn -0.9823 0.0696 0.1742
vn 0.7314 0.0377 -0.6809
vn 0.8506 0.0240 -0.5253
vn 0.9811 -0.0062 -0.1933
vn 0.9264 0.0075 -0.3766
vn 0.9979 -0.0202 0.0616
vn 0.9915 -0.0069 -0.1298
vn 0.9830 -0.0253 0.1816
vn 0.9046 -0.0363 0.4247
vn 0.9845 0.0030 -0.1751
vn -0.9999 0.0127 -0.0099
vn -0.9362 -0.0263 -0.3504
vn -0.9896 -0.0091 -0.1437
vn -0.9766 0.0272 0.2133
vn -0.9807 -0.0107 0.1954
vn -0.8498 0.0161 0.5269
vn -0.9208 -0.0269 -0.3891
vn -0.9980 -0.0231 -0.0588
vn -0.8172 -0.0465 -0.5745
vn -0.5138 0.0119 0.8578
vn -0.7827 -0.0092 0.6223
vn -0.5389 0.0251 0.8420
vn -0.2079 0.0407 0.9773
vn -0.1823 0.0159 0.9831
vn 0.1741 0.0330 0.9842
vn -0.7348 0.0191 0.6780
vn -0.4254 0.0096 0.9050
vn -0.9148 -0.0188 0.4034
vn 0.5256 0.0455 0.8495
vn 0.2115 0.0176 0.9772
vn -0.1451 -0.0146 0.9893
vn 0.1940 0.0156 0.9809
vn -0.3904 -0.0291 0.9202
vn -0.0602 -0.0011 0.9982
vn -0.3478 -0.0392 0.9367
vn -0.5722 -0.0520 0.8185
vn -0.0062 -0.0087 0.9999
vn 0.8570 0.0091 0.5152
vn 0.7128 0.0364 0.7005
vn 0.4224 0.0102 0.9064
vn 0.6227 -0.0135 0.7824
vn 0.1797 -0.0056 0.9837
vn 0.4047 -0.0239 0.9141
vn -0.9060 -0.0321 0.4220
vn -0.7008 -0.0087 0.7133
vn -0.9830 -0.0425 0.1788
vn 0.9775 -0.0053 0.2108
vn 0.8414 -0.0288 0.5396
vn 0.6773 -0.0365 0.7348
vn -0.6788 0.0352 -0.7334
vn -0.5245 0.0352 -0.8507
vn -0.1937 0.0027 -0.9811
vn -0.3748 0.0055 -0.9271
vn 0.0604 -0.0137 -0.9981
vn -0.1282 -0.0086 -0.9917
vn 0.1806 -0.0016 -0.9836
vn 0.4228 -0.0236 -0.9059
vn -0.1748 0.0394 -0.9838
vn -0.9750 0.0726 -0.2100
vn -0.8406 0.0390 -0.5403
vn -0.6768 0.0189 -0.7359
vn -0.6195 -0.0047 -0.7849
vn -0.4007 -0.0155 -0.9161
vn -0.8547 0.0172 -0.5188
vn -0.7124 -0.0084 -0.7017
vn -0.4213 -0.0158 -0.9068
vn -0.1783 -0.0160 -0.9838
vn -0.1973 0.0029 -0.9803
vn 0.0574 -0.0033 -0.9983
vn -0.5305 0.0199 -0.8474
vn -0.2160 0.0178 -0.9762
vn 0.1429 -0.0218 -0.9895
vn 0.3889 -0.0407 -0.9204
vn 0.3509 -0.0548 -0.9348
vn 0.5739 -0.0774 -0.8153
vn 0.0123 -0.0099 -0.9999
vn 0.2134 0.0263 -0.9766
vn 0.5409 -0.0150 -0.8410
vn 0.7351 -0.0365 -0.6770
vn 0.7846 -0.0089 -0.6200
vn 0.9154 -0.0204 -0.4020
vn 0.5201 0.0145 -0.8540
vn 0.7008 0.0369 -0.7124
vn 0.9063 0.0265 -0.4219
vn 0.9836 0.0208 -0.1791
vn 0.9801 0.0292 -0.1962
vn 0.9981 0.0187 0.0588
vn 0.8468 0.0494 -0.5296
vn 0.9768 0.0078 -0.2139
vn 0.9891 -0.0276 0.1445
vn 0.9197 -0.0432 0.3901
vn 0.9349 -0.0680 0.3483
vn 0.8164 -0.0831 0.5714
vn 0.9995 -0.0315 0.0089
vn 0.6865 0.0380 0.7262
vn 0.5257 0.0290 0.8501
vn 0.1919 0.0027 0.9814
vn 0.3772 0.0066 0.9261
vn -0.0631 -0.0092 0.9980
vn 0.1296 -0.0081 0.9915
vn -0.7920 -0.0442 -0.6089
vn -0.9505 -0.0339 -0.3088
vn -0.5277 -0.0772 -0.8459
vn -0.7826 -0.0536 -0.6202
vn -0.6444 -0.0667 -0.7618
vn -0.3304 -0.1045 -0.9380
vn -0.8798 0.0600 0.4715
vn -0.9822 0.1040 0.1564
vn -0.9955 0.0934 -0.0155
vn -0.9469 0.0539 0.3171
vn -0.9126 0.0538 -0.4053
vn -0.9965 0.0307 -0.0782
vn -0.9684 0.0925 -0.2315
vn -0.7955 0.0385 -0.6047
vn -0.9927 0.1097 -0.0505
vn -0.9412 0.0511 -0.3340
vn -0.7792 0.0912 -0.6201
vn -0.6175 0.0700 -0.7835
vn -0.8445 0.0428 -0.5339
vn -0.4235 0.0574 -0.9041
vn -0.6309 0.0907 -0.7705
vn -0.9958 -0.0506 -0.0758
vn -0.9870 -0.0280 0.1581
vn -0.9053 -0.0628 -0.4202
vn -0.9785 -0.0469 -0.2006
vn -0.5618 0.0630 0.8249
vn -0.7430 0.0259 0.6688
vn -0.8457 0.0180 0.5333
vn -0.6949 0.0558 0.7170
vn -0.9875 -0.0039 0.1574
vn -0.9228 0.0330 0.3839
vn -0.9884 0.0616 0.1388
vn -0.9947 0.0139 -0.1014
vn -0.9465 0.0064 -0.3227
vn -0.9945 0.0473 -0.0930
vn -0.8827 0.0115 0.4697
vn -0.6407 0.0025 0.7678
vn -0.9916 -0.0114 0.1292
vn -0.8693 -0.0187 0.4940
vn 0.1253 0.0939 0.9877
vn -0.2603 0.1016 0.9602
vn -0.4221 0.1010 0.9009
vn -0.0526 0.0929 0.9943
vn -0.7445 0.0863 0.6620
vn -0.4418 0.0774 0.8938
vn -0.6466 0.1111 0.7547
vn -0.8833 0.1203 0.4531
vn -0.9656 0.1088 0.2362
vn -0.8064 0.1018 0.5826
vn -0.3139 -0.0210 0.9492
vn -0.1253 -0.0224 0.9919
vn -0.6271 -0.0461 0.7776
vn -0.4591 -0.0499 0.8870
vn 0.6277 0.0950 0.7726
vn 0.4847 0.0903 0.8700
vn 0.3190 0.0838 0.9440
vn 0.4944 0.0884 0.8647
vn -0.0831 0.0581 0.9948
vn 0.1165 0.0605 0.9913
vn -0.1626 0.0863 0.9829
vn -0.3261 0.0893 0.9411
vn -0.5378 0.0757 0.8397
vn -0.3655 0.0726 0.9280
vn 0.9493 -0.0334 0.3125
vn 0.9920 -0.0209 0.1245
vn 0.7774 -0.0594 0.6262
vn 0.8878 -0.0485 0.4576
vn 0.7670 -0.0452 0.6400
vn 0.4918 -0.0637 0.8684
vn 0.7694 0.0964 -0.6315
vn 0.8714 0.0853 -0.4830
vn 0.9442 0.0771 -0.3202
vn 0.8641 0.0900 -0.4953
vn 0.9955 0.0479 0.0815
vn 0.9912 0.0625 -0.1163
vn 0.9969 0.0554 0.0551
vn 0.8958 0.0316 0.4434
vn 0.9910 0.0623 -0.1183
vn 0.9885 0.0901 0.1213
vn 0.9491 0.0796 0.3047
vn 0.8475 0.0646 0.5269
vn 0.9375 0.0765 0.3394
vn 0.5845 0.0563 0.8094
vn 0.7565 0.0653 0.6507
vn -0.3104 -0.0176 0.9505
vn -0.0747 -0.0214 0.9970
vn 0.1604 -0.0336 0.9865
vn -0.4183 -0.0475 0.9071
vn -0.1953 -0.0522 0.9794
vn -0.6224 -0.0472 0.7813
vn 0.4708 0.0896 0.8777
vn 0.3148 0.0818 0.9456
vn 0.5323 0.0616 0.8443
vn 0.6671 0.0703 0.7416
vn 0.7165 0.0512 0.6957
vn 0.8239 0.0579 0.5638
vn 0.1579 0.0322 0.9869
vn 0.3859 0.0272 0.9222
vn -0.0818 0.0522 0.9953
vn -0.3348 0.0671 0.9399
vn -0.5378 0.0522 0.8415
vn -0.3219 0.0257 0.9464
vn -0.1011 0.0416 0.9940
vn -0.0887 0.0409 0.9952
vn 0.1370 0.0533 0.9891
vn 0.4691 -0.0422 0.8821
vn 0.1293 -0.0563 0.9900
vn 0.9028 0.0487 0.4273
vn 0.9623 0.0534 0.2666
vn 0.6629 0.0299 0.7481
vn 0.2379 0.0600 0.9694
vn 0.4512 0.0661 0.8900
vn -0.7601 -0.0643 0.6466
vn -0.6100 -0.0429 0.7912
vn -0.8472 -0.0715 0.5264
vn -0.9379 -0.0914 0.3348
vn -0.0504 0.0895 0.9947
vn -0.2289 0.0769 0.9704
vn -0.0176 0.0868 0.9961
vn 0.1557 0.0964 0.9831
vn -0.4085 0.0518 0.9113
vn -0.6013 0.0350 0.7983
vn -0.7708 0.0935 0.6302
vn -0.9020 0.0683 0.4262
vn -0.7856 0.0743 0.6143
vn -0.6239 0.0932 0.7759
vn 0.6089 -0.0583 -0.7911
vn 0.3081 -0.0092 -0.9513
vn 0.8459 -0.0902 -0.5256
vn 0.6206 -0.0249 -0.7837
vn 0.7598 -0.0979 -0.6427
vn 0.9342 -0.1325 -0.3311
vn -0.4735 0.0653 -0.8784
vn -0.1626 0.0947 -0.9821
vn 0.0129 0.0824 -0.9965
vn -0.3210 0.0643 -0.9449
vn 0.4044 0.0407 -0.9137
vn 0.0743 0.0515 -0.9959
vn 0.2325 0.0666 -0.9703
vn 0.6050 0.0078 -0.7962
vn 0.0496 0.0876 -0.9949
vn 0.3312 0.0768 -0.9405
vn 0.6183 0.0795 -0.7819
vn 0.7844 0.0576 -0.6175
vn 0.5314 0.0711 -0.8442
vn 0.9043 0.0286 -0.4260
vn 0.7720 0.0603 -0.6327
vn 0.0763 -0.0156 -0.9970
vn -0.1556 -0.0260 -0.9875
vn 0.4209 -0.0199 -0.9069
vn 0.2031 -0.0470 -0.9780
vn -0.8248 0.0693 -0.5611
vn -0.6685 0.0291 -0.7431
vn -0.5331 0.0288 -0.8455
vn -0.7135 0.0605 -0.6980
vn -0.1571 0.0234 -0.9873
vn -0.3782 0.0353 -0.9250
vn -0.1376 0.0618 -0.9886
vn 0.1011 0.0493 -0.9937
vn 0.3219 0.0473 -0.9456
vn 0.0972 0.0467 -0.9942
vn -0.4687 -0.0029 -0.8834
vn -0.7693 0.0031 -0.6389
vn -0.1287 -0.0436 -0.9907
vn -0.4984 -0.0343 -0.8663
vn -0.9846 0.1271 0.1201
vn -0.9570 0.1309 -0.2590
vn -0.8969 0.1210 -0.4253
vn -0.9912 0.1207 -0.0550
vn -0.6579 0.0840 -0.7484
vn -0.8924 0.0886 -0.4426
vn -0.7488 0.1101 -0.6536
vn -0.4499 0.1042 -0.8870
vn -0.2309 0.0805 -0.9696
vn -0.5813 0.0903 -0.8087
vn -0.9501 -0.0172 -0.3115
vn -0.9918 -0.0233 -0.1260
vn -0.7807 -0.0466 -0.6231
vn -0.8867 -0.0503 -0.4596
vn -0.7626 0.0936 0.6400
vn -0.8675 0.1010 0.4871
vn -0.9427 0.0939 0.3202
vn -0.8625 0.0868 0.4986
vn -0.9944 0.0643 -0.0838
vn -0.9920 0.0587 0.1115
vn -0.9847 0.0863 -0.1512
vn -0.9406 0.0928 -0.3265
vn -0.8410 0.0766 -0.5355
vn -0.9290 0.0724 -0.3630
vn 0.8814 -0.0561 -0.4690
vn 0.6373 -0.0443 -0.7693
vn 0.9877 -0.0879 -0.1297
vn 0.8642 -0.0790 -0.4969
vn 0.9870 -0.0315 -0.1579
vn 0.9788 -0.0522 0.1979
vn -0.1128 0.0955 -0.9890
vn 0.2659 0.0825 -0.9604
vn 0.4306 0.0688 -0.8999
vn 0.0575 0.0833 -0.9949
vn 0.7511 0.0281 -0.6596
vn 0.4435 0.0430 -0.8952
vn 0.6988 0.0560 -0.7131
vn 0.9244 0.0297 -0.3803
vn 0.5631 0.0640 -0.8239
vn 0.6568 0.0641 -0.7513
vn 0.8921 0.0501 -0.4490
vn 0.9718 0.0322 -0.2335
vn 0.8105 0.0450 -0.5839
vn 0.9948 0.0404 0.0930
vn 0.9893 0.0538 -0.1358
vn 0.9971 0.0133 0.0754
vn 0.9077 -0.0049 0.4195
vn 0.9508 0.0070 0.3098
vn 0.7820 -0.0186 0.6230
vn 0.7411 0.0736 -0.6673
vn 0.8434 0.0723 -0.5324
vn 0.9858 0.0591 -0.1575
vn 0.9433 0.0922 -0.3190
vn 0.9943 0.0729 0.0779
vn 0.8758 0.0950 -0.4732
vn 0.9919 0.0766 0.1010
vn 0.9446 0.0662 0.3215
vn 0.8407 0.0805 0.5355
vn 0.9387 0.0928 0.3321
vn 0.7904 -0.0572 0.6099
vn 0.5246 -0.0846 0.8472
vn 0.6452 -0.0958 0.7580
vn 0.3359 -0.1197 0.9342
vn 0.9830 0.0871 -0.1616
vn 0.9970 0.0755 0.0152
vn 0.9123 0.0384 0.4076
vn 0.9719 0.0507 0.2300
vn 0.7990 0.0041 0.6014
vn 0.9965 0.0670 0.0498
vn 0.7788 0.0811 0.6220
vn 0.6145 0.0619 0.7865
vn 0.4291 0.0396 0.9024
vn 0.6323 0.0633 0.7721
vn 0.3105 -0.0297 -0.9501
vn 0.1259 -0.0222 -0.9918
vn 0.6227 -0.0599 -0.7802
vn 0.4592 -0.0491 -0.8870
vn -0.6173 0.0937 -0.7811
vn -0.4698 0.0951 -0.8777
vn -0.3140 0.0864 -0.9455
vn -0.4842 0.0874 -0.8706
vn 0.0825 0.0539 -0.9951
vn -0.1109 0.0604 -0.9920
vn 0.1652 0.0878 -0.9823
vn 0.3334 0.0811 -0.9393
vn 0.5374 0.0644 -0.8408
vn 0.3681 0.0744 -0.9268
vn -0.7947 -0.0093 -0.6070
vn -0.6630 -0.0076 -0.7486
vn -0.3674 -0.0402 -0.9292
vn -0.5389 -0.0391 -0.8414
vn 0.0366 -0.0779 -0.9963
vn -0.1569 -0.0732 -0.9849
vn -0.0010 -0.0399 -0.9992
vn 0.3980 -0.0877 -0.9132
vn -0.3417 0.0015 -0.9398
vn 0.0424 -0.0099 -0.9991
vn 0.3805 -0.0524 -0.9233
vn 0.7172 -0.0995 -0.6897
vn 0.6614 -0.0419 -0.7488
vn 0.9057 -0.0668 -0.4187
vn 0.3659 -0.0192 -0.9305
vn 0.5693 0.0071 -0.8221
vn 0.8163 -0.0018 -0.5776
vn 0.9796 -0.0153 -0.2005
vn 0.9291 -0.0081 -0.3697
vn 0.9987 -0.0346 0.0363
vn 0.7456 0.0120 -0.6662
vn 0.9256 -0.0473 -0.3756
vn 0.9961 -0.0810 -0.0345
vn 0.9218 -0.1157 0.3700
vn 0.9762 -0.1266 0.1762
vn 0.8211 -0.1566 0.5489
vn 0.9817 -0.0928 -0.1661
vn 0.6061 -0.0074 -0.7953
vn 0.7485 -0.0201 -0.6628
vn 0.9294 -0.0513 -0.3655
vn 0.8410 -0.0375 -0.5397
vn 0.9955 -0.0856 0.0412
vn 0.9848 -0.0723 -0.1581
vn 0.9975 -0.0710 0.0018
vn 0.9091 -0.1020 0.4040
vn 0.9392 -0.0398 -0.3411
vn 0.6639 0.0134 0.7477
vn 0.3745 -0.0393 0.9264
vn 0.0342 -0.0694 0.9970
vn 0.3676 -0.0168 0.9298
vn -0.3701 -0.1018 0.9234
vn -0.0377 -0.0539 0.9978
vn -0.1743 -0.1011 0.9795
vn -0.5504 -0.1266 0.8253
vn 0.1695 -0.0747 0.9827
vn 0.9319 -0.0248 0.3618
vn 0.8225 0.0144 0.5686
vn 0.5786 -0.0101 0.8156
vn 0.7517 -0.0466 0.6578
vn 0.2021 -0.0407 0.9785
vn 0.4235 -0.0699 0.9032
vn 0.9980 -0.0486 0.0409
vn 0.9221 -0.0752 0.3796
vn 0.6889 -0.1002 0.7179
vn -0.9847 -0.0489 0.1674
vn -0.9806 -0.0830 -0.1777
vn -0.9975 -0.0611 0.0358
vn -0.9263 -0.0276 0.3757
vn -0.9286 -0.0449 0.3684
vn -0.7474 -0.0161 0.6641
vn -0.9245 -0.0986 -0.3681
vn -0.9965 -0.0758 -0.0357
vn -0.8231 -0.1201 -0.5550
vn -0.3604 -0.0236 0.9325
vn -0.6582 -0.0438 0.7516
vn -0.3808 -0.0255 0.9243
vn -0.0403 -0.0095 0.9991
vn -0.0055 -0.0353 0.9994
vn 0.3385 -0.0167 0.9408
vn -0.7212 -0.0458 0.6912
vn -0.4083 -0.0570 0.9111
vn -0.9047 -0.0658 0.4209
vn -0.8145 -0.0546 0.5776
vn -0.5681 -0.0302 0.8224
vn -0.9766 -0.0782 0.2001
vn 0.7966 -0.0069 0.6045
vn 0.6612 -0.0171 0.7500
vn 0.3626 -0.0442 0.9309
vn 0.5403 -0.0378 0.8406
vn -0.0449 -0.0747 0.9962
vn 0.1576 -0.0731 0.9848
vn -0.6660 -0.0176 -0.7457
vn -0.3771 -0.0356 -0.9255
vn -0.0363 -0.0725 -0.9967
vn -0.3701 -0.0362 -0.9283
vn 0.3681 -0.1122 -0.9230
vn 0.0343 -0.0566 -0.9978
vn 0.1794 -0.1084 -0.9778
vn 0.5536 -0.1499 -0.8192
vn -0.1646 -0.0671 -0.9841
vn -0.9310 -0.0180 -0.3645
vn -0.8212 -0.0378 -0.5693
vn -0.5762 -0.0465 -0.8160
vn -0.7487 -0.0392 -0.6618
vn -0.1985 -0.0529 -0.9787
vn -0.4160 -0.0630 -0.9072
vn -0.9402 0.0250 0.3396
vn -0.9987 0.0299 -0.0410
vn -0.9243 -0.0023 -0.3816
vn -1.0000 -0.0040 -0.0025
vn -0.6912 -0.0452 -0.7213
vn -0.9143 -0.0427 -0.4028
vn -0.6062 -0.0089 0.7953
vn -0.7504 -0.0046 0.6609
vn -0.9307 -0.0330 0.3642
vn -0.8414 -0.0392 0.5389
vn -0.9970 -0.0668 -0.0401
vn -0.9849 -0.0738 0.1567
vn 0.8961 -0.1073 0.4306
vn 0.9630 -0.0975 0.2511
vn 0.8065 -0.1110 0.5808
vn 0.9029 -0.1026 0.4175
vn 0.6736 -0.1178 0.7297
vn 0.5351 -0.1181 0.8365
vn -0.7021 -0.1200 0.7019
vn -0.4270 -0.0827 0.9005
vn -0.8101 -0.1214 0.5736
vn -0.5738 -0.0907 0.8140
vn -0.8255 -0.1354 0.5480
vn -0.9046 -0.1325 0.4052
vn -0.1992 -0.0655 0.9778
vn 0.0339 -0.0835 0.9959
vn -0.3622 -0.0727 0.9293
vn -0.1354 -0.0849 0.9872
vn 0.3493 -0.1105 0.9305
vn 0.1847 -0.1087 0.9768
vn 0.8979 -0.0951 -0.4297
vn 0.7994 -0.0834 -0.5950
vn 0.9717 -0.1074 -0.2103
vn 0.9163 -0.0961 -0.3889
vn 0.9907 -0.1164 -0.0704
vn 0.9786 -0.1282 0.1607
vn 0.1030 -0.1138 0.9881
vn 0.4322 -0.0538 0.9001
vn -0.1198 -0.1215 0.9853
vn 0.2168 -0.0693 0.9738
vn -0.0948 -0.1393 0.9857
vn -0.3070 -0.1408 0.9412
vn 0.6359 -0.0316 0.7712
vn 0.7959 -0.0750 0.6008
vn 0.4454 -0.0436 0.8943
vn 0.6412 -0.0818 0.7630
vn 0.9427 -0.1194 0.3114
vn 0.8473 -0.1275 0.5157
vn 0.4268 -0.1046 -0.8983
vn 0.2533 -0.0979 -0.9624
vn 0.5761 -0.1104 -0.8099
vn 0.4203 -0.1029 -0.9015
vn 0.7232 -0.1226 -0.6796
vn 0.8295 -0.1312 -0.5429
vn 0.9269 -0.1312 -0.3516
vn 0.9722 -0.1375 -0.1895
vn 0.9961 -0.0823 -0.0317
vn 0.9874 -0.0846 0.1338
vn 0.9792 -0.0276 0.2009
vn 0.9311 -0.0311 0.3635
vn 0.9019 -0.0566 0.4281
vn 0.8145 -0.0637 0.5767
vn 0.6997 -0.1336 0.7019
vn 0.5714 -0.1345 0.8096
vn 0.5458 -0.1653 0.8215
vn 0.4030 -0.1611 0.9009
vn -0.4263 -0.0838 -0.9007
vn -0.5839 -0.0859 -0.8073
vn -0.2052 -0.0978 -0.9738
vn -0.3662 -0.0991 -0.9252
vn -0.0750 -0.0831 -0.9937
vn 0.1541 -0.1034 -0.9826
vn 0.3120 -0.0938 -0.9454
vn 0.5157 -0.1132 -0.8493
vn 0.6056 -0.0703 -0.7927
vn 0.7635 -0.0773 -0.6412
vn 0.7726 -0.0266 -0.6343
vn 0.8947 -0.0286 -0.4457
vn 0.8996 -0.0471 -0.4342
vn 0.9750 -0.0573 -0.2146
vn 0.9869 -0.1244 -0.1031
vn 0.9830 -0.1347 0.1248
vn 0.9819 -0.1622 0.0979
vn 0.9369 -0.1672 0.3071
vn -0.8999 -0.0913 -0.4265
vn -0.9632 -0.0984 -0.2502
vn -0.8146 -0.0966 -0.5720
vn -0.9048 -0.1032 -0.4132
vn -0.6818 -0.0761 -0.7275
vn -0.5459 -0.0860 -0.8334
vn -0.3521 -0.0814 -0.9324
vn -0.1868 -0.0923 -0.9781
vn -0.0280 -0.0772 -0.9966
vn 0.1357 -0.0789 -0.9876
vn 0.2025 -0.0521 -0.9779
vn 0.3631 -0.0488 -0.9305
vn 0.4269 -0.0694 -0.9017
vn 0.5778 -0.0719 -0.8130
vn 0.7013 -0.1360 -0.6998
vn 0.8122 -0.1402 -0.5663
vn 0.8231 -0.1701 -0.5418
vn 0.9001 -0.1706 -0.4009
vn -0.9019 -0.0774 0.4250
vn -0.8031 -0.0855 0.5897
vn -0.9740 -0.0885 0.2085
vn -0.9200 -0.0986 0.3793
vn -0.9964 -0.0497 0.0686
vn -0.9850 -0.0629 -0.1610
vn -0.9481 -0.0458 -0.3147
vn -0.8501 -0.0612 -0.5231
vn -0.7926 -0.0681 -0.6059
vn -0.6395 -0.0743 -0.7652
vn -0.6322 -0.0717 -0.7715
vn -0.4445 -0.0715 -0.8929
vn -0.4341 -0.0756 -0.8977
vn -0.2142 -0.0827 -0.9733
vn -0.1054 -0.1153 -0.9877
vn 0.1273 -0.1286 -0.9835
vn 0.1017 -0.1425 -0.9846
vn 0.3081 -0.1528 -0.9390
vn -0.5443 -0.1406 -0.8270
vn -0.7021 -0.1226 -0.7014
vn -0.8997 -0.0956 -0.4259
vn -0.5688 -0.1270 -0.8126
vn -0.8121 -0.0989 -0.5751
vn -0.4036 -0.1425 -0.9038
vn -0.9965 -0.0783 0.0302
vn -0.9345 -0.0603 0.3508
vn -0.7330 -0.0711 0.6765
vn -0.9811 -0.0631 0.1830
vn -0.8392 -0.0724 0.5389
vn -0.9873 -0.0796 -0.1373
vn -0.9754 -0.0900 -0.2012
vn -0.9277 -0.0903 -0.3623
vn -0.4370 -0.0948 0.8944
vn -0.2610 -0.0998 0.9602
vn -0.5870 -0.0980 0.8036
vn -0.4347 -0.1057 0.8943
vn -0.9879 -0.1193 -0.0989
vn -0.9889 -0.1047 0.1052
vn -0.8979 -0.0821 0.4325
vn -0.9857 -0.1155 -0.1224
vn -0.9716 -0.0948 0.2166
vn -0.9430 -0.1263 -0.3079
vn -0.6011 -0.0726 0.7958
vn -0.3145 -0.0719 0.9465
vn 0.0638 -0.0833 0.9945
vn -0.5230 -0.0754 0.8490
vn -0.1674 -0.0877 0.9820
vn -0.7647 -0.0786 0.6395
vn -0.7694 -0.0764 0.6342
vn -0.8917 -0.0862 0.4444
vn 0.4213 -0.0896 0.9025
vn 0.5893 -0.0847 0.8035
vn 0.1992 -0.0991 0.9749
vn 0.3735 -0.0984 0.9224
vn 0.8788 0.0116 0.4770
vn 0.9552 0.0244 0.2950
vn 0.6412 0.0037 0.7674
vn -0.4756 0.0145 0.8795
vn -0.2525 -0.0027 0.9676
vn -0.0187 -0.0015 0.9998
vn 0.3051 0.0071 0.9523
vn -0.8695 -0.0121 0.4938
vn -0.7421 0.0076 0.6703
vn -0.4782 0.0240 0.8779
vn -0.2967 0.0222 0.9547
vn -0.7661 0.0506 0.6408
vn -0.9507 0.0580 0.3045
vn -0.9997 0.0045 -0.0222
vn -0.9670 -0.0251 -0.2536
vn -0.8811 0.0030 -0.4729
vn -0.6721 0.0040 -0.7404
vn -0.4911 -0.0208 -0.8709
vn 0.7408 -0.0095 -0.6717
vn 0.4714 0.0305 -0.8814
vn 0.8694 -0.0510 -0.4914
vn 0.2535 0.0146 -0.9672
vn 0.0254 0.0051 -0.9997
vn -0.3016 0.0337 -0.9529
vn -0.6411 0.0425 -0.7663
vn -0.8784 0.0253 -0.4772
vn -0.9540 0.0212 -0.2991
vn 0.9528 -0.0165 -0.3030
vn 0.7665 -0.0041 -0.6423
vn 0.9998 -0.0009 0.0220
vn 0.9668 0.0365 0.2528
vn 0.8794 0.0419 0.4743
vn 0.6700 -0.0059 0.7423
vn 0.4947 -0.0424 0.8681
vn 0.4765 0.0129 -0.8791
vn 0.2984 0.0232 -0.9542
vn 0.0908 0.0349 -0.9953
vn 0.1506 0.0328 -0.9881
vn 0.4755 0.0219 -0.8795
vn 0.4976 0.0212 -0.8671
vn -0.4069 0.0583 -0.9116
vn -0.2653 0.0517 -0.9628
vn -0.9820 0.0079 -0.1886
vn -0.9874 0.0063 -0.1582
vn -0.8784 0.0144 -0.4777
vn -0.8082 0.0137 -0.5888
vn -0.9436 0.0344 0.3292
vn -0.9819 0.0208 0.1884
vn -0.2134 0.0318 0.9765
vn -0.1260 0.0347 0.9914
vn -0.4593 0.0193 0.8881
vn -0.4850 0.0176 0.8743
vn 0.2368 0.0440 0.9706
vn 0.2763 0.0447 0.9600
vn 0.9958 0.0459 0.0791
vn 0.9914 0.0436 0.1235
vn 0.8902 0.0246 0.4549
vn 0.8815 0.0235 0.4716
vn 0.9333 0.0683 -0.3525
vn 0.9556 0.0652 -0.2875
vn 0.7615 -0.0352 0.6472
vn 0.7352 -0.0376 0.6768
vn 0.5882 -0.0483 0.8073
vn 0.9025 -0.0182 0.4302
vn 0.9516 -0.0085 0.3071
vn -0.1406 -0.0479 0.9889
vn -0.1060 -0.0463 0.9933
vn -0.2956 -0.0544 0.9538
vn 0.4275 -0.0167 0.9039
vn 0.3315 -0.0228 0.9432
vn -0.8416 -0.0305 0.5392
vn -0.1515 0.0001 0.9885
vn -0.2695 -0.0074 0.9630
vn -0.4437 -0.0188 0.8960
vn -0.9638 -0.0553 -0.2610
vn -0.9892 -0.0455 -0.1393
vn -0.9523 -0.0583 -0.2994
vn -0.9990 -0.0307 0.0338
vn -0.3106 -0.0153 -0.9504
vn -0.4847 -0.0540 -0.8730
vn -0.0697 0.0353 -0.9969
vn -0.9556 -0.0122 -0.2944
vn -0.9545 -0.0124 -0.2978
vn -0.8638 -0.0251 -0.5032
vn 0.1731 -0.0561 -0.9833
vn 0.0847 -0.0517 -0.9951
vn 0.2178 -0.0581 -0.9743
vn -0.1398 -0.0383 -0.9894
vn -0.2929 -0.0272 -0.9558
vn 0.6570 -0.0348 -0.7531
vn 0.6772 -0.0364 -0.7349
vn 0.8135 -0.0470 -0.5797
vn 0.4281 -0.0179 -0.9036
vn 0.3051 -0.0090 -0.9523
vn 0.9055 0.1024 0.4119
vn 0.9927 -0.0395 0.1143
vn 0.9649 -0.0488 0.2579
vn 0.8758 0.1176 0.4682
vn 0.9985 -0.0283 -0.0464
vn -0.6479 0.0071 0.7617
vn -0.7318 0.0017 0.6815
vn -0.8331 -0.0059 0.5530
vn 0.7180 0.0062 0.6960
vn 0.6863 0.0032 0.7273
vn 0.7580 0.0071 -0.6523
vn 0.7438 0.0082 -0.6684
vn 0.8395 -0.0000 -0.5433
vn -0.5628 -0.0050 -0.8266
vn -0.6580 0.0025 -0.7531
vn 0.2200 0.0669 -0.9732
vn 0.1745 0.0680 -0.9823
vn 0.5834 0.0518 -0.8105
vn 0.6839 0.0449 -0.7282
vn -0.0397 0.0710 -0.9967
vn -0.6641 0.0670 -0.7446
vn -0.6282 0.0661 -0.7752
vn -0.7402 0.0685 -0.6688
vn -0.0163 0.0100 -0.9998
vn -0.0468 0.0110 -0.9988
vn -0.2662 0.0175 -0.9637
vn -0.2981 0.0183 -0.9544
vn -0.9841 0.0635 -0.1658
vn -0.9826 0.0632 -0.1749
vn -0.9465 0.0585 -0.3174
vn -0.9975 0.0667 -0.0227
vn -0.6786 0.0725 0.7309
vn -0.8089 0.0588 0.5851
vn -0.6540 0.0745 0.7528
vn -0.9904 0.0097 0.1378
vn -0.9978 0.0070 0.0663
vn -0.9104 0.0212 0.4131
vn -0.9454 0.0175 0.3254
vn 0.9951 0.0776 0.0612
vn 0.9874 0.0752 0.1391
vn 0.8018 0.0497 0.5955
vn 0.9001 0.0614 0.4313
vn 0.9901 0.0813 -0.1143
vn 0.7469 0.0789 -0.6602
vn 0.7533 0.0788 -0.6530
vn 0.6253 0.0804 -0.7763
vn 0.9992 0.0137 -0.0371
vn 0.9985 0.0143 -0.0532
vn 0.9341 0.0243 -0.3562
vn 0.9507 0.0229 -0.3092
vn -0.1744 0.0646 0.9826
vn -0.1851 0.0643 0.9806
vn -0.3281 0.0595 0.9428
vn -0.0280 0.0679 0.9973
vn 0.6446 0.0510 0.7628
vn 0.6261 0.0507 0.7781
vn 0.7478 0.0526 0.6618
vn 0.0239 0.0095 0.9997
vn 0.0597 0.0110 0.9982
vn 0.2750 0.0198 0.9612
vn 0.3072 0.0209 0.9514
vn 0.5520 0.0297 0.8333
vn 0.5333 0.0290 0.8455
vn -0.5363 0.0239 -0.8437
vn -0.5234 0.0236 -0.8518
vn -0.6272 0.0256 -0.7784
vn 0.7996 0.0360 -0.5995
vn 0.8364 0.0329 -0.5471
vn -0.8279 0.0273 0.5602
vn -0.8330 0.0270 0.5526
vn -0.7584 0.0309 0.6510
vn -0.0000 -1.0000 -0.0000
vn 0.9432 0.3067 0.1278
vn -0.4140 0.5785 -0.7028
vn 0.3128 0.8776 0.3634
vn -0.6340 0.7654 0.1104
vn -0.7984 0.5943 0.0968
vn -0.7472 0.6567 0.1021
vn 0.2447 0.7836 0.5711
vn 0.2272 0.7038 0.6730
vn 0.2263 0.7000 0.6774
vn 0.4405 0.8921 -0.1005
vn -0.3556 0.7046 -0.6141
vn -0.6195 0.4098 0.6696
vn -0.6685 0.3822 0.6380
vn -0.6725 0.3798 0.6352
vn -0.7119 0.5984 -0.3674
vn -0.7167 0.5998 -0.3557
vn -0.7005 0.5950 -0.3941
vn 0.6066 0.2851 -0.7421
vn 0.4435 0.4031 -0.8005
vn 0.4469 0.4140 -0.7930
vn 0.5277 0.2703 -0.8053
vn 0.5135 0.3204 -0.7960
vn -0.7279 0.6027 -0.3270
vn 0.3830 0.4027 -0.8314
vn 0.3831 0.4025 -0.8314
vn 0.5893 0.7257 -0.3550
vn -0.7179 0.3510 0.6012
vn -0.6396 0.1699 -0.7497
vn -0.6394 0.1373 -0.7565
vn -0.6346 0.0414 -0.7718
vn 0.0047 0.0502 -0.9987
vn 0.0012 1.0000 -0.0087
vn 0.0011 0.9999 -0.0120
vn 0.0454 0.9856 -0.1629
vn 0.0868 0.9472 -0.3086
vn 0.0601 0.9776 -0.2019
vn 0.0764 0.9620 -0.2623
vn 0.0143 0.9994 -0.0320
vn -0.6365 0.2614 -0.7256
vn -0.0251 0.6241 -0.7810
vn 0.0011 0.9999 -0.0135
vn -0.8068 0.5908 -0.0060
vn -0.4715 0.8765 0.0971
vn -0.4923 0.8637 0.1078
vn -0.3660 0.9296 0.0440
vn 0.9032 0.3285 -0.2762
vn 0.0266 0.9996 -0.0116
vn -0.1689 0.9846 -0.0451
vn -0.8181 0.5674 -0.0935
vn -0.0013 1.0000 -0.0005
vn 0.6144 0.7667 0.1862
vn -0.0121 0.9998 0.0164
vn 0.5620 0.1107 -0.8197
vn -0.5142 0.8091 -0.2845
vn 0.2393 0.9591 -0.1515
vn 0.7782 0.5422 0.3169
vn 0.6366 0.6189 -0.4601
vn -0.1129 0.9936 0.0008
vn -0.8676 0.4896 0.0874
vn 0.6618 0.4140 0.6250
vn 0.1534 0.4814 0.8630
vn 0.1096 0.4557 0.8833
vn 0.1193 0.4615 0.8791
vn -0.0079 0.9999 -0.0065
vn -0.0479 0.9889 -0.1409
vn 0.5187 0.5986 -0.6104
vn -0.4089 0.6364 0.6541
vn -0.5899 0.7915 0.1598
vn 0.8176 0.4371 -0.3748
vn -0.0038 0.4149 -0.9099
vn 0.3383 0.4520 -0.8254
vn 0.0736 0.4338 0.8980
vn 0.7971 0.2377 0.5551
vn 0.7854 0.2162 0.5800
vn -0.1931 0.4592 0.8671
vn -0.1875 0.4392 0.8786
vn -0.2266 0.5833 0.7800
vn 0.8022 0.2476 0.5433
vn 0.5980 0.5673 0.5661
vn 0.3260 0.8201 0.4703
vn 0.2935 0.9321 0.2122
vn -0.7846 0.0688 0.6161
vn -0.4002 0.7549 -0.5195
vn 0.1920 0.9661 -0.1727
vn 0.1408 0.7349 0.6634
vn 0.1341 0.7465 0.6517
vn 0.0648 0.8489 0.5245
vn -0.1054 0.3178 0.9423
vn -0.0928 0.3229 0.9419
vn -0.0481 0.3401 0.9391
vn -0.0082 1.0000 -0.0020
vn 0.0069 0.9999 -0.0133
vn 0.0070 0.9999 -0.0133
vn 0.0069 0.9999 -0.0134
vn 0.0069 0.9999 -0.0132
vn 0.0070 0.9999 -0.0134
vn 0.0068 0.9999 -0.0134
vn 0.0068 0.9999 -0.0133
vt 0.298264 0.187500
vt 0.274826 0.187500
vt 0.274653 0.125000
vt 0.296528 0.125000
vt 0.250000 0.187500
vt 0.250000 0.125000
vt 0.250000 0.000000
vt 0.275000 0.000000
vt 0.300000 0.000000
vt 0.798264 0.187500
vt 0.774827 0.187500
vt 0.774653 0.125000
vt 0.796528 0.125000
vt 0.750000 0.187500
vt 0.750000 0.125000
vt 0.750000 0.000000
vt 0.775000 0.000000
vt 0.800000 0.000000
vt 0.550000 0.250000
vt 0.546181 0.375000
vt 0.524566 0.375000
vt 0.525000 0.250000
vt 0.545833 0.500000
vt 0.524479 0.500000
vt 0.500000 0.500000
vt 0.500000 0.375000
vt 0.500000 0.250000
vt 0.545833 0.750000
vt 0.546181 0.875000
vt 0.524566 0.875000
vt 0.524479 0.750000
vt 0.550000 1.000000
vt 0.525000 1.000000
vt 0.500000 1.000000
vt 0.500000 0.875000
vt 0.500000 0.750000
vt 0.795833 0.500000
vt 0.774479 0.500000
vt 0.774566 0.375000
vt 0.796181 0.375000
vt 0.750000 0.500000
vt 0.750000 0.375000
vt 0.750000 0.250000
vt 0.775000 0.250000
vt 0.800000 0.250000
vt 0.795833 0.750000
vt 0.774479 0.750000
vt 0.774479 0.625000
vt 0.795833 0.625000
vt 0.750000 0.750000
vt 0.750000 0.625000
vt 0.545833 0.625000
vt 0.524479 0.625000
vt 0.500000 0.625000
vt 0.800000 1.000000
vt 0.775000 1.000000
vt 0.774566 0.875000
vt 0.796181 0.875000
vt 0.750000 1.000000
vt 0.750000 0.875000
vt 0.048264 0.187500
vt 0.024826 0.187500
vt 0.024653 0.125000
vt 0.046528 0.125000
vt 0.000000 0.187500
vt 0.000000 0.125000
vt 0.000000 0.000000
vt 0.025000 0.000000
vt 0.050000 0.000000
vt 0.300000 1.000000
vt 0.275000 1.000000
vt 0.274566 0.875000
vt 0.296181 0.875000
vt 0.250000 1.000000
vt 0.250000 0.875000
vt 0.250000 0.750000
vt 0.274479 0.750000
vt 0.295833 0.750000
vt 0.274479 0.625000
vt 0.295833 0.625000
vt 0.250000 0.625000
vt 0.250000 0.500000
vt 0.274479 0.500000
vt 0.295833 0.500000
vt 0.274566 0.375000
vt 0.296181 0.375000
vt 0.250000 0.375000
vt 0.250000 0.250000
vt 0.275000 0.250000
vt 0.300000 0.250000
vt 0.050000 1.000000
vt 0.025000 1.000000
vt 0.024566 0.875000
vt 0.046181 0.875000
vt 0.000000 1.000000
vt 0.000000 0.875000
vt 0.000000 0.750000
vt 0.024479 0.750000
vt 0.045833 0.750000
vt 0.024479 0.625000
vt 0.045833 0.625000
vt 0.000000 0.625000
vt 0.000000 0.500000
vt 0.024479 0.500000
vt 0.045833 0.500000
vt 0.024566 0.375000
vt 0.046181 0.375000
vt 0.000000 0.375000
vt 0.000000 0.250000
vt 0.025000 0.250000
vt 0.050000 0.250000
vt 0.548264 0.187500
vt 0.524826 0.187500
vt 0.524653 0.125000
vt 0.546528 0.125000
vt 0.500000 0.187500
vt 0.500000 0.125000
vt 0.500000 0.000000
vt 0.525000 0.000000
vt 0.550000 0.000000
vt 0.475521 0.500000
vt 0.475434 0.375000
vt 0.454167 0.500000
vt 0.453819 0.375000
vt 0.450000 0.250000
vt 0.475000 0.250000
vt 0.425000 0.500000
vt 0.412500 0.500000
vt 0.412500 0.375000
vt 0.425000 0.375000
vt 0.400000 0.500000
vt 0.400000 0.375000
vt 0.400000 0.250000
vt 0.412500 0.250000
vt 0.425000 0.250000
vt 0.325000 0.500000
vt 0.311979 0.500000
vt 0.312066 0.375000
vt 0.325000 0.375000
vt 0.312500 0.250000
vt 0.325000 0.250000
vt 0.475521 0.750000
vt 0.475521 0.625000
vt 0.454167 0.750000
vt 0.454167 0.625000
vt 0.425000 0.750000
vt 0.412500 0.750000
vt 0.412500 0.625000
vt 0.425000 0.625000
vt 0.400000 0.750000
vt 0.400000 0.625000
vt 0.325000 0.750000
vt 0.311979 0.750000
vt 0.311979 0.625000
vt 0.325000 0.625000
vt 0.475000 1.000000
vt 0.475434 0.875000
vt 0.450000 1.000000
vt 0.453819 0.875000
vt 0.425000 1.000000
vt 0.412500 1.000000
vt 0.412500 0.875000
vt 0.425000 0.875000
vt 0.400000 1.000000
vt 0.400000 0.875000
vt 0.325000 1.000000
vt 0.312500 1.000000
vt 0.312066 0.875000
vt 0.325000 0.875000
vt 0.475174 0.187500
vt 0.475347 0.125000
vt 0.451736 0.187500
vt 0.453472 0.125000
vt 0.450000 0.000000
vt 0.475000 0.000000
vt 0.425000 0.187500
vt 0.412500 0.187500
vt 0.412500 0.125000
vt 0.425000 0.125000
vt 0.400000 0.187500
vt 0.400000 0.125000
vt 0.400000 0.000000
vt 0.412500 0.000000
vt 0.425000 0.000000
vt 0.325000 0.187500
vt 0.312326 0.187500
vt 0.312153 0.125000
vt 0.325000 0.125000
vt 0.312500 0.000000
vt 0.325000 0.000000
vt 0.725174 0.187500
vt 0.725347 0.125000
vt 0.701736 0.187500
vt 0.703472 0.125000
vt 0.700000 0.000000
vt 0.725000 0.000000
vt 0.675000 0.187500
vt 0.662500 0.187500
vt 0.662500 0.125000
vt 0.675000 0.125000
vt 0.650000 0.187500
vt 0.650000 0.125000
vt 0.650000 0.000000
vt 0.662500 0.000000
vt 0.675000 0.000000
vt 0.575000 0.187500
vt 0.562326 0.187500
vt 0.562153 0.125000
vt 0.575000 0.125000
vt 0.562500 0.000000
vt 0.575000 0.000000
vt 0.725521 0.625000
vt 0.725521 0.500000
vt 0.725521 0.750000
vt 0.704167 0.750000
vt 0.704167 0.625000
vt 0.704167 0.500000
vt 0.675000 0.500000
vt 0.675000 0.625000
vt 0.662500 0.625000
vt 0.662500 0.500000
vt 0.675000 0.750000
vt 0.662500 0.750000
vt 0.650000 0.750000
vt 0.650000 0.625000
vt 0.650000 0.500000
vt 0.575000 0.500000
vt 0.575000 0.625000
vt 0.561979 0.625000
vt 0.561979 0.500000
vt 0.575000 0.750000
vt 0.561979 0.750000
vt 0.725434 0.875000
vt 0.725000 1.000000
vt 0.700000 1.000000
vt 0.703820 0.875000
vt 0.675000 0.875000
vt 0.662500 0.875000
vt 0.675000 1.000000
vt 0.662500 1.000000
vt 0.650000 1.000000
vt 0.650000 0.875000
vt 0.575000 0.875000
vt 0.562066 0.875000
vt 0.575000 1.000000
vt 0.562500 1.000000
vt 0.725434 0.375000
vt 0.725000 0.250000
vt 0.703820 0.375000
vt 0.700000 0.250000
vt 0.675000 0.250000
vt 0.675000 0.375000
vt 0.662500 0.375000
vt 0.662500 0.250000
vt 0.650000 0.375000
vt 0.650000 0.250000
vt 0.575000 0.250000
vt 0.575000 0.375000
vt 0.562066 0.375000
vt 0.562500 0.250000
vt 0.225521 0.500000
vt 0.225434 0.375000
vt 0.204167 0.500000
vt 0.203819 0.375000
vt 0.200000 0.250000
vt 0.225000 0.250000
vt 0.175000 0.500000
vt 0.162500 0.500000
vt 0.162500 0.375000
vt 0.175000 0.375000
vt 0.150000 0.500000
vt 0.150000 0.375000
vt 0.150000 0.250000
vt 0.162500 0.250000
vt 0.175000 0.250000
vt 0.075000 0.500000
vt 0.061979 0.500000
vt 0.062066 0.375000
vt 0.075000 0.375000
vt 0.062500 0.250000
vt 0.075000 0.250000
vt 0.225521 0.750000
vt 0.225521 0.625000
vt 0.204167 0.750000
vt 0.204167 0.625000
vt 0.175000 0.750000
vt 0.162500 0.750000
vt 0.162500 0.625000
vt 0.175000 0.625000
vt 0.150000 0.750000
vt 0.150000 0.625000
vt 0.075000 0.750000
vt 0.061979 0.750000
vt 0.061979 0.625000
vt 0.075000 0.625000
vt 0.225000 1.000000
vt 0.225434 0.875000
vt 0.200000 1.000000
vt 0.203819 0.875000
vt 0.175000 1.000000
vt 0.162500 1.000000
vt 0.162500 0.875000
vt 0.175000 0.875000
vt 0.150000 1.000000
vt 0.150000 0.875000
vt 0.075000 1.000000
vt 0.062500 1.000000
vt 0.062066 0.875000
vt 0.075000 0.875000
vt 0.225174 0.187500
vt 0.225347 0.125000
vt 0.201736 0.187500
vt 0.203472 0.125000
vt 0.200000 0.000000
vt 0.225000 0.000000
vt 0.175000 0.187500
vt 0.162500 0.187500
vt 0.162500 0.125000
vt 0.175000 0.125000
vt 0.150000 0.187500
vt 0.150000 0.125000
vt 0.150000 0.000000
vt 0.162500 0.000000
vt 0.175000 0.000000
vt 0.075000 0.187500
vt 0.062326 0.187500
vt 0.062153 0.125000
vt 0.075000 0.125000
vt 0.062500 0.000000
vt 0.075000 0.000000
vt 1.000000 1.000000
vt 0.975000 1.000000
vt 0.975434 0.875000
vt 1.000000 0.875000
vt 0.950000 1.000000
vt 0.953820 0.875000
vt 0.954167 0.750000
vt 0.975521 0.750000
vt 1.000000 0.750000
vt 0.925000 1.000000
vt 0.912500 1.000000
vt 0.912500 0.875000
vt 0.925000 0.875000
vt 0.900000 1.000000
vt 0.900000 0.875000
vt 0.900000 0.750000
vt 0.912500 0.750000
vt 0.925000 0.750000
vt 0.825000 1.000000
vt 0.812500 1.000000
vt 0.812066 0.875000
vt 0.825000 0.875000
vt 0.811979 0.750000
vt 0.825000 0.750000
vt 0.975521 0.625000
vt 1.000000 0.625000
vt 0.954167 0.625000
vt 0.954167 0.500000
vt 0.975521 0.500000
vt 1.000000 0.500000
vt 0.912500 0.625000
vt 0.925000 0.625000
vt 0.900000 0.625000
vt 0.900000 0.500000
vt 0.912500 0.500000
vt 0.925000 0.500000
vt 0.811979 0.625000
vt 0.825000 0.625000
vt 0.811979 0.500000
vt 0.825000 0.500000
vt 0.975434 0.375000
vt 1.000000 0.375000
vt 0.953820 0.375000
vt 0.950000 0.250000
vt 0.975000 0.250000
vt 1.000000 0.250000
vt 0.912500 0.375000
vt 0.925000 0.375000
vt 0.900000 0.375000
vt 0.900000 0.250000
vt 0.912500 0.250000
vt 0.925000 0.250000
vt 0.812066 0.375000
vt 0.825000 0.375000
vt 0.812500 0.250000
vt 0.825000 0.250000
vt 1.000000 0.187500
vt 0.975174 0.187500
vt 0.975347 0.125000
vt 1.000000 0.125000
vt 0.951736 0.187500
vt 0.953472 0.125000
vt 0.950000 0.000000
vt 0.975000 0.000000
vt 1.000000 0.000000
vt 0.925000 0.187500
vt 0.912500 0.187500
vt 0.912500 0.125000
vt 0.925000 0.125000
vt 0.900000 0.187500
vt 0.900000 0.125000
vt 0.900000 0.000000
vt 0.912500 0.000000
vt 0.925000 0.000000
vt 0.825000 0.187500
vt 0.812326 0.187500
vt 0.812153 0.125000
vt 0.825000 0.125000
vt 0.812500 0.000000
vt 0.825000 0.000000
vt 0.125000 0.187500
vt 0.112500 0.187500
vt 0.112500 0.125000
vt 0.125000 0.125000
vt 0.100000 0.187500
vt 0.100000 0.125000
vt 0.100000 0.000000
vt 0.112500 0.000000
vt 0.125000 0.000000
vt 0.125000 1.000000
vt 0.112500 1.000000
vt 0.112500 0.875000
vt 0.125000 0.875000
vt 0.100000 1.000000
vt 0.100000 0.875000
vt 0.100000 0.750000
vt 0.112500 0.750000
vt 0.125000 0.750000
vt 0.112500 0.625000
vt 0.125000 0.625000
vt 0.100000 0.625000
vt 0.100000 0.500000
vt 0.112500 0.500000
vt 0.125000 0.500000
vt 0.112500 0.375000
vt 0.125000 0.375000
vt 0.100000 0.375000
vt 0.100000 0.250000
vt 0.112500 0.250000
vt 0.125000 0.250000
vt 0.875000 0.187500
vt 0.862500 0.187500
vt 0.862500 0.125000
vt 0.875000 0.125000
vt 0.850000 0.187500
vt 0.850000 0.125000
vt 0.850000 0.000000
vt 0.862500 0.000000
vt 0.875000 0.000000
vt 0.875000 0.500000
vt 0.862500 0.500000
vt 0.862500 0.375000
vt 0.875000 0.375000
vt 0.850000 0.500000
vt 0.850000 0.375000
vt 0.850000 0.250000
vt 0.862500 0.250000
vt 0.875000 0.250000
vt 0.875000 0.750000
vt 0.862500 0.750000
vt 0.862500 0.625000
vt 0.875000 0.625000
vt 0.850000 0.750000
vt 0.850000 0.625000
vt 0.875000 1.000000
vt 0.862500 1.000000
vt 0.862500 0.875000
vt 0.875000 0.875000
vt 0.850000 1.000000
vt 0.850000 0.875000
vt 0.625000 0.250000
vt 0.625000 0.375000
vt 0.612500 0.375000
vt 0.612500 0.250000
vt 0.625000 0.500000
vt 0.612500 0.500000
vt 0.600000 0.500000
vt 0.600000 0.375000
vt 0.600000 0.250000
vt 0.625000 0.750000
vt 0.625000 0.875000
vt 0.612500 0.875000
vt 0.612500 0.750000
vt 0.625000 1.000000
vt 0.612500 1.000000
vt 0.600000 1.000000
vt 0.600000 0.875000
vt 0.600000 0.750000
vt 0.625000 0.625000
vt 0.612500 0.625000
vt 0.600000 0.625000
vt 0.625000 0.187500
vt 0.612500 0.187500
vt 0.612500 0.125000
vt 0.625000 0.125000
vt 0.600000 0.187500
vt 0.600000 0.125000
vt 0.600000 0.000000
vt 0.612500 0.000000
vt 0.625000 0.000000
vt 0.375000 0.500000
vt 0.362500 0.500000
vt 0.362500 0.375000
vt 0.375000 0.375000
vt 0.350000 0.500000
vt 0.350000 0.375000
vt 0.350000 0.250000
vt 0.362500 0.250000
vt 0.375000 0.250000
vt 0.375000 0.750000
vt 0.362500 0.750000
vt 0.362500 0.625000
vt 0.375000 0.625000
vt 0.350000 0.750000
vt 0.350000 0.625000
vt 0.375000 1.000000
vt 0.362500 1.000000
vt 0.362500 0.875000
vt 0.375000 0.875000
vt 0.350000 1.000000
vt 0.350000 0.875000
vt 0.375000 0.187500
vt 0.362500 0.187500
vt 0.362500 0.125000
vt 0.375000 0.125000
vt 0.350000 0.187500
vt 0.350000 0.125000
vt 0.350000 0.000000
vt 0.362500 0.000000
vt 0.375000 0.000000
vt 0.837500 0.187500
vt 0.837500 0.125000
vt 0.837500 0.000000
vt 0.837500 0.500000
vt 0.837500 0.375000
vt 0.837500 0.250000
vt 0.837500 0.750000
vt 0.837500 0.625000
vt 0.837500 1.000000
vt 0.837500 0.875000
vt 0.937674 0.187500
vt 0.937847 0.125000
vt 0.937500 0.000000
vt 0.938021 0.500000
vt 0.937934 0.375000
vt 0.937500 0.250000
vt 0.938021 0.750000
vt 0.938021 0.625000
vt 0.937500 1.000000
vt 0.937934 0.875000
vt 0.087500 0.187500
vt 0.087500 0.125000
vt 0.087500 0.000000
vt 0.087500 1.000000
vt 0.087500 0.875000
vt 0.087500 0.750000
vt 0.087500 0.625000
vt 0.087500 0.500000
vt 0.087500 0.375000
vt 0.087500 0.250000
vt 0.187674 0.187500
vt 0.187847 0.125000
vt 0.187500 0.000000
vt 0.187500 1.000000
vt 0.187934 0.875000
vt 0.188021 0.750000
vt 0.188021 0.625000
vt 0.188021 0.500000
vt 0.187934 0.375000
vt 0.187500 0.250000
vt 0.337500 0.187500
vt 0.337500 0.125000
vt 0.337500 0.000000
vt 0.337500 1.000000
vt 0.337500 0.875000
vt 0.337500 0.750000
vt 0.337500 0.625000
vt 0.337500 0.500000
vt 0.337500 0.375000
vt 0.337500 0.250000
vt 0.437674 0.187500
vt 0.437847 0.125000
vt 0.437500 0.000000
vt 0.437500 1.000000
vt 0.437934 0.875000
vt 0.438021 0.750000
vt 0.438021 0.625000
vt 0.438021 0.500000
vt 0.437934 0.375000
vt 0.437500 0.250000
vt 0.587500 0.375000
vt 0.587500 0.250000
vt 0.587500 0.500000
vt 0.587500 0.875000
vt 0.587500 0.750000
vt 0.587500 1.000000
vt 0.587500 0.625000
vt 0.587500 0.187500
vt 0.587500 0.125000
vt 0.587500 0.000000
vt 0.687934 0.375000
vt 0.687500 0.250000
vt 0.688021 0.500000
vt 0.687934 0.875000
vt 0.688021 0.750000
vt 0.687500 1.000000
vt 0.688021 0.625000
vt 0.687674 0.187500
vt 0.687847 0.125000
vt 0.687500 0.000000
vt 0.637500 0.187500
vt 0.637500 0.125000
vt 0.637500 0.000000
vt 0.637500 0.625000
vt 0.637500 0.500000
vt 0.637500 0.750000
vt 0.637500 0.875000
vt 0.637500 1.000000
vt 0.637500 0.375000
vt 0.637500 0.250000
vt 0.387500 0.187500
vt 0.387500 0.125000
vt 0.387500 0.000000
vt 0.387500 1.000000
vt 0.387500 0.875000
vt 0.387500 0.750000
vt 0.387500 0.625000
vt 0.387500 0.500000
vt 0.387500 0.375000
vt 0.387500 0.250000
vt 0.137500 0.500000
vt 0.137500 0.375000
vt 0.137500 0.250000
vt 0.137500 0.750000
vt 0.137500 0.625000
vt 0.137500 1.000000
vt 0.137500 0.875000
vt 0.137500 0.187500
vt 0.137500 0.125000
vt 0.137500 0.000000
vt 0.887500 1.000000
vt 0.887500 0.875000
vt 0.887500 0.750000
vt 0.887500 0.625000
vt 0.887500 0.500000
vt 0.887500 0.375000
vt 0.887500 0.250000
vt 0.887500 0.187500
vt 0.887500 0.125000
vt 0.887500 0.000000
vt 0.887500 0.226133
vt 0.875000 0.225042
vt 0.900000 0.235983
vt 0.137500 0.210499
vt 0.125000 0.219509
vt 0.150000 0.219509
vt 0.387500 0.231861
vt 0.375000 0.238333
vt 0.400000 0.226736
vt 0.637500 0.241111
vt 0.625000 0.240896
vt 0.650000 0.243822
vt 0.687500 0.250000
vt 0.675000 0.243822
vt 0.700142 0.244874
vt 0.587500 0.237086
vt 0.600000 0.238135
vt 0.437560 0.228348
vt 0.425000 0.228348
vt 0.450067 0.247591
vt 0.337500 0.234507
vt 0.325000 0.250000
vt 0.350000 0.226033
vt 0.186951 0.239828
vt 0.201456 0.236133
vt 0.100000 0.237944
vt 0.937515 0.244742
vt 0.925000 0.243361
vt 0.950184 0.243361
vt 0.837500 0.235992
vt 0.825000 0.241324
vt 0.850000 0.228653
vt 0.362500 0.235784
vt 0.612500 0.247140
vt 0.862500 0.232552
vt 0.112500 0.230699
vt 0.812476 0.241324
vt 0.799921 0.247157
vt 0.912500 0.236403
vt 0.975048 0.232689
vt 1.000000 0.232471
vt 0.050000 0.250000
vt 0.163077 0.239828
vt 0.226182 0.239828
vt 0.662500 0.243822
vt 0.725036 0.237101
vt 0.750000 0.238101
vt 0.312491 0.246811
vt 0.412500 0.226736
vt 0.475024 0.241477
vt 0.500000 0.239061
vt 0.524957 0.234617
vt 0.024936 0.226948
vt 0.000000 0.232471
vt 1.000000 1.000000
vt 0.000000 1.000000
vt 1.000000 0.000000
s 1
g troncofino.002_tronco_textu
usemtl tronco_textu
f 582/1/1 609/2/2 449/3/3 209/4/4
f 609/2/2 579/5/5 175/6/6 449/3/3
f 449/3/3 175/6/6 16/7/7 179/8/8
f 209/4/4 449/3/3 179/8/8 24/9/9
f 588/10/10 610/11/11 450/12/12 264/13/13
f 610/11/11 577/14/14 173/15/15 450/12/12
f 450/12/12 173/15/15 13/16/16 180/17/17
f 264/13/13 450/12/12 180/17/17 54/18/18
f 34/19/19 225/20/20 451/21/21 182/22/22
f 225/20/20 32/23/23 181/24/24 451/21/21
f 451/21/21 181/24/24 3/25/25 164/26/26
f 182/22/22 451/21/21 164/26/26 4/27/27
f 36/28/28 223/29/29 452/30/30 183/31/31
f 223/29/29 38/32/32 184/33/33 452/30/30
f 452/30/30 184/33/33 14/34/34 172/35/35
f 183/31/31 452/30/30 172/35/35 10/36/36
f 60/37/37 191/38/38 453/39/39 261/40/40
f 191/38/38 1/41/41 161/42/42 453/39/39
f 453/39/39 161/42/42 2/43/43 188/44/44
f 261/40/40 453/39/39 188/44/44 58/45/45
f 56/46/46 186/47/47 454/48/48 259/49/49
f 186/47/47 9/50/50 165/51/51 454/48/48
f 454/48/48 165/51/51 1/41/41 191/38/38
f 259/49/49 454/48/48 191/38/38 60/37/37
f 32/23/23 220/52/52 455/53/53 181/24/24
f 220/52/52 36/28/28 183/31/31 455/53/53
f 455/53/53 183/31/31 10/36/36 168/54/54
f 181/24/24 455/53/53 168/54/54 3/25/25
f 54/55/18 180/56/17 456/57/55 257/58/56
f 180/56/17 13/59/16 169/60/57 456/57/55
f 456/57/55 169/60/57 9/50/50 186/47/47
f 257/58/56 456/57/55 186/47/47 56/46/46
f 586/61/58 611/62/59 457/63/60 246/64/61
f 611/62/59 578/65/62 174/66/63 457/63/60
f 457/63/60 174/66/63 15/67/64 194/68/65
f 246/64/61 457/63/60 194/68/65 46/69/66
f 24/70/9 179/71/8 458/72/67 207/73/68
f 179/71/8 16/74/7 171/75/69 458/72/67
f 458/72/67 171/75/69 12/76/70 187/77/71
f 207/73/68 458/72/67 187/77/71 26/78/72
f 26/78/72 187/77/71 459/79/73 205/80/74
f 187/77/71 12/76/70 167/81/75 459/79/73
f 459/79/73 167/81/75 7/82/76 190/83/77
f 205/80/74 459/79/73 190/83/77 30/84/78
f 30/84/78 190/83/77 460/85/79 203/86/80
f 190/83/77 7/82/76 163/87/81 460/85/79
f 460/85/79 163/87/81 8/88/82 189/89/83
f 203/86/80 460/85/79 189/89/83 28/90/84
f 46/91/66 194/92/65 461/93/85 243/94/86
f 194/92/65 15/95/64 170/96/87 461/93/85
f 461/93/85 170/96/87 11/97/88 193/98/89
f 243/94/86 461/93/85 193/98/89 44/99/90
f 44/99/90 193/98/89 462/100/91 240/101/92
f 193/98/89 11/97/88 166/102/93 462/100/91
f 462/100/91 166/102/93 5/103/94 195/104/95
f 240/101/92 462/100/91 195/104/95 48/105/96
f 48/105/96 195/104/95 463/106/97 237/107/98
f 195/104/95 5/103/94 162/108/99 463/106/97
f 463/106/97 162/108/99 6/109/100 196/110/101
f 237/107/98 463/106/97 196/110/101 50/111/102
f 584/112/103 612/113/104 464/114/105 217/115/106
f 612/113/104 580/116/107 176/117/108 464/114/105
f 464/114/105 176/117/108 14/118/34 184/119/33
f 217/115/106 464/114/105 184/119/33 38/120/32
f 3/25/25 201/121/109 465/122/110 164/26/26
f 201/121/109 29/123/111 202/124/112 465/122/110
f 465/122/110 202/124/112 27/125/113 200/126/114
f 164/26/26 465/122/110 200/126/114 4/27/27
f 126/127/115 408/128/116 466/129/117 388/130/118
f 408/128/116 61/131/119 312/132/120 466/129/117
f 466/129/117 312/132/120 68/133/121 411/134/122
f 388/130/118 466/129/117 411/134/122 130/135/123
f 125/136/124 277/137/125 467/138/126 379/139/127
f 277/137/125 30/84/78 203/86/80 467/138/126
f 467/138/126 203/86/80 28/90/84 276/140/128
f 379/139/127 467/138/126 276/140/128 124/141/129
f 10/36/36 199/142/130 468/143/131 168/54/54
f 199/142/130 25/144/132 204/145/133 468/143/131
f 468/143/131 204/145/133 29/123/111 201/121/109
f 168/54/54 468/143/131 201/121/109 3/25/25
f 129/146/134 410/147/135 469/148/136 387/149/137
f 410/147/135 66/150/138 313/151/139 469/148/136
f 469/148/136 313/151/139 61/131/119 408/128/116
f 387/149/137 469/148/136 408/128/116 126/127/115
f 123/152/140 274/153/141 470/154/142 378/155/143
f 274/153/141 26/78/72 205/80/74 470/154/142
f 470/154/142 205/80/74 30/84/78 277/137/125
f 378/155/143 470/154/142 277/137/125 125/136/124
f 14/34/34 198/156/144 471/157/145 172/35/35
f 198/156/144 23/158/146 206/159/147 471/157/145
f 471/157/145 206/159/147 25/144/132 199/142/130
f 172/35/35 471/157/145 199/142/130 10/36/36
f 128/160/148 409/161/149 472/162/150 386/163/151
f 409/161/149 64/164/152 308/165/153 472/162/150
f 472/162/150 308/165/153 66/150/138 410/147/135
f 386/163/151 472/162/150 410/147/135 129/146/134
f 122/166/154 272/167/155 473/168/156 377/169/157
f 272/167/155 24/70/9 207/73/68 473/168/156
f 473/168/156 207/73/68 26/78/72 274/153/141
f 377/169/157 473/168/156 274/153/141 123/152/140
f 580/116/107 613/170/158 474/171/159 176/117/108
f 613/170/158 581/172/160 208/173/161 474/171/159
f 474/171/159 208/173/161 23/174/146 198/175/144
f 176/117/108 474/171/159 198/175/144 14/118/34
f 602/176/162 614/177/163 475/178/164 385/179/165
f 614/177/163 591/180/166 310/181/167 475/178/164
f 475/178/164 310/181/167 64/182/152 409/183/149
f 385/179/165 475/178/164 409/183/149 128/184/148
f 601/185/168 615/186/169 476/187/170 376/188/171
f 615/186/169 582/1/1 209/4/4 476/187/170
f 476/187/170 209/4/4 24/9/9 272/189/155
f 376/188/171 476/187/170 272/189/155 122/190/154
f 577/14/14 616/191/172 477/192/173 173/15/15
f 616/191/172 583/193/174 216/194/175 477/192/173
f 477/192/173 216/194/175 37/195/176 213/196/177
f 173/15/15 477/192/173 213/196/177 13/16/16
f 604/197/178 617/198/179 478/199/180 402/200/181
f 617/198/179 590/201/182 301/202/183 478/199/180
f 478/199/180 301/202/183 83/203/184 405/204/185
f 402/200/181 478/199/180 405/204/185 138/205/186
f 603/206/187 618/207/188 479/208/189 393/209/190
f 618/207/188 584/112/103 217/115/106 479/208/189
f 479/208/189 217/115/106 38/120/32 284/210/191
f 393/209/190 479/208/189 284/210/191 135/211/192
f 1/41/41 165/51/51 480/212/193 210/213/194
f 165/51/51 9/50/50 212/214/195 480/212/193
f 480/212/193 212/214/195 35/215/196 218/216/197
f 210/213/194 480/212/193 218/216/197 31/217/198
f 136/218/199 401/219/200 481/220/201 403/221/202
f 401/219/200 137/222/203 404/223/204 481/220/201
f 481/220/201 404/223/204 82/224/205 300/225/206
f 403/221/202 481/220/201 300/225/206 81/226/207
f 132/227/208 392/228/209 482/229/210 280/230/211
f 392/228/209 134/231/212 283/232/213 482/229/210
f 482/229/210 283/232/213 36/28/28 220/52/52
f 280/230/211 482/229/210 220/52/52 32/23/23
f 9/50/50 169/60/57 483/233/214 212/214/195
f 169/60/57 13/59/16 213/234/177 483/233/214
f 483/233/214 213/234/177 37/235/176 221/236/215
f 212/214/195 483/233/214 221/236/215 35/215/196
f 137/222/203 400/237/216 484/238/217 404/223/204
f 400/237/216 138/239/186 405/240/185 484/238/217
f 484/238/217 405/240/185 83/241/184 299/242/218
f 404/223/204 484/238/217 299/242/218 82/224/205
f 134/231/212 391/243/219 485/244/220 283/232/213
f 391/243/219 135/245/192 284/246/191 485/244/220
f 485/244/220 284/246/191 38/32/32 223/29/29
f 283/232/213 485/244/220 223/29/29 36/28/28
f 2/43/43 161/42/42 486/247/221 211/248/222
f 161/42/42 1/41/41 210/213/194 486/247/221
f 486/247/221 210/213/194 31/217/198 224/249/223
f 211/248/222 486/247/221 224/249/223 33/250/224
f 140/251/225 399/252/226 487/253/227 406/254/228
f 399/252/226 136/218/199 403/221/202 487/253/227
f 487/253/227 403/221/202 81/226/207 326/255/229
f 406/254/228 487/253/227 326/255/229 87/256/230
f 133/257/231 390/258/232 488/259/233 282/260/234
f 390/258/232 132/227/208 280/230/211 488/259/233
f 488/259/233 280/230/211 32/23/23 225/20/20
f 282/260/234 488/259/233 225/20/20 34/19/19
f 7/82/76 232/261/235 489/262/236 163/87/81
f 232/261/235 47/263/237 235/264/238 489/262/236
f 489/262/236 235/264/238 49/265/239 234/266/240
f 163/87/81 489/262/236 234/266/240 8/88/82
f 119/267/241 373/268/242 490/269/243 370/270/244
f 373/268/242 77/271/245 292/272/246 490/269/243
f 490/269/243 292/272/246 79/273/247 372/274/248
f 370/270/244 490/269/243 372/274/248 120/275/249
f 114/276/250 233/277/251 491/278/252 361/279/253
f 233/277/251 48/105/96 237/107/98 491/278/252
f 491/278/252 237/107/98 50/111/102 286/280/254
f 361/279/253 491/278/252 286/280/254 115/281/255
f 12/76/70 228/282/256 492/283/257 167/81/75
f 228/282/256 43/284/258 238/285/259 492/283/257
f 492/283/257 238/285/259 47/263/237 232/261/235
f 167/81/75 492/283/257 232/261/235 7/82/76
f 117/286/260 375/287/261 493/288/262 369/289/263
f 375/287/261 73/290/264 268/291/265 493/288/262
f 493/288/262 268/291/265 77/271/245 373/268/242
f 369/289/263 493/288/262 373/268/242 119/267/241
f 112/292/266 229/293/267 494/294/268 360/295/269
f 229/293/267 44/99/90 240/101/92 494/294/268
f 494/294/268 240/101/92 48/105/96 233/277/251
f 360/295/269 494/294/268 233/277/251 114/276/250
f 16/74/7 230/296/270 495/297/271 171/75/69
f 230/296/270 45/298/272 241/299/273 495/297/271
f 495/297/271 241/299/273 43/284/258 228/282/256
f 171/75/69 495/297/271 228/282/256 12/76/70
f 118/300/274 374/301/275 496/302/276 368/303/277
f 374/301/275 75/304/278 266/305/279 496/302/276
f 496/302/276 266/305/279 73/290/264 375/287/261
f 368/303/277 496/302/276 375/287/261 117/286/260
f 113/306/280 231/307/281 497/308/282 359/309/283
f 231/307/281 46/91/66 243/94/86 497/308/282
f 497/308/282 243/94/86 44/99/90 229/293/267
f 359/309/283 497/308/282 229/293/267 112/292/266
f 579/5/5 619/310/284 498/311/285 175/6/6
f 619/310/284 585/312/286 244/313/287 498/311/285
f 498/311/285 244/313/287 45/314/272 230/315/270
f 175/6/6 498/311/285 230/315/270 16/7/7
f 600/316/288 620/317/289 499/318/290 367/319/291
f 620/317/289 593/320/292 315/321/293 499/318/290
f 499/318/290 315/321/293 75/322/278 374/323/275
f 367/319/291 499/318/290 374/323/275 118/324/274
f 599/325/294 621/326/295 500/327/296 358/328/297
f 621/326/295 586/61/58 246/64/61 500/327/296
f 500/327/296 246/64/61 46/69/66 231/329/281
f 358/328/297 500/327/296 231/329/281 113/330/280
f 15/331/64 249/332/298 501/333/299 170/334/87
f 249/332/298 53/335/300 256/336/301 501/333/299
f 501/333/299 256/336/301 55/337/302 251/338/303
f 170/334/87 501/333/299 251/338/303 11/339/88
f 107/340/304 357/341/305 502/342/306 352/343/307
f 357/341/305 92/344/308 269/345/309 502/342/306
f 502/342/306 269/345/309 99/346/310 354/347/311
f 352/343/307 502/342/306 354/347/311 110/348/312
f 101/349/313 250/350/314 503/351/315 343/352/316
f 250/350/314 54/55/18 257/58/56 503/351/315
f 503/351/315 257/58/56 56/46/46 252/353/317
f 343/352/316 503/351/315 252/353/317 102/354/318
f 11/339/88 251/338/303 504/355/319 166/356/93
f 251/338/303 55/337/302 258/357/320 504/355/319
f 504/355/319 258/357/320 59/358/321 254/359/322
f 166/356/93 504/355/319 254/359/322 5/360/94
f 110/348/312 354/347/311 505/361/323 351/362/324
f 354/347/311 99/346/310 331/363/325 505/361/323
f 505/361/323 331/363/325 96/364/326 355/365/327
f 351/362/324 505/361/323 355/365/327 109/366/328
f 102/354/318 252/353/317 506/367/329 342/368/330
f 252/353/317 56/46/46 259/49/49 506/367/329
f 506/367/329 259/49/49 60/37/37 255/369/331
f 342/368/330 506/367/329 255/369/331 103/370/332
f 5/360/94 254/359/322 507/371/333 162/372/99
f 254/359/322 59/358/321 260/373/334 507/371/333
f 507/371/333 260/373/334 57/374/335 253/375/336
f 162/372/99 507/371/333 253/375/336 6/376/100
f 109/366/328 355/365/327 508/377/337 350/378/338
f 355/365/327 96/364/326 294/379/339 508/377/337
f 508/377/337 294/379/339 95/380/340 356/381/341
f 350/378/338 508/377/337 356/381/341 108/382/342
f 103/370/332 255/369/331 509/383/343 341/384/344
f 255/369/331 60/37/37 261/40/40 509/383/343
f 509/383/343 261/40/40 58/45/45 289/385/345
f 341/384/344 509/383/343 289/385/345 105/386/346
f 578/387/62 622/388/347 510/389/348 174/390/63
f 622/388/347 587/391/349 262/392/350 510/389/348
f 510/389/348 262/392/350 53/393/300 249/394/298
f 174/390/63 510/389/348 249/394/298 15/395/64
f 598/396/351 623/397/352 511/398/353 349/399/354
f 623/397/352 589/400/355 293/401/356 511/398/353
f 511/398/353 293/401/356 92/402/308 357/403/305
f 349/399/354 511/398/353 357/403/305 107/404/304
f 597/405/357 624/406/358 512/407/359 340/408/360
f 624/406/358 588/10/10 264/13/13 512/407/359
f 512/407/359 264/13/13 54/18/18 250/409/314
f 340/408/360 512/407/359 250/409/314 101/410/313
f 607/411/361 625/412/362 513/413/363 439/414/364
f 625/412/362 594/415/365 316/416/366 513/413/363
f 513/413/363 316/416/366 76/417/367 320/418/368
f 439/414/364 513/413/363 320/418/368 153/419/369
f 153/420/369 320/421/368 514/422/370 438/423/371
f 320/421/368 76/424/367 265/425/372 514/422/370
f 514/422/370 265/425/372 74/426/373 319/427/374
f 438/423/371 514/422/370 319/427/374 152/428/375
f 152/428/375 319/427/374 515/429/376 437/430/377
f 319/427/374 74/426/373 267/431/378 515/429/376
f 515/429/376 267/431/378 78/432/379 321/433/380
f 437/430/377 515/429/376 321/433/380 154/434/381
f 154/434/381 321/433/380 516/435/382 436/436/383
f 321/433/380 78/432/379 317/437/384 516/435/382
f 516/435/382 317/437/384 80/438/385 322/439/386
f 436/436/383 516/435/382 322/439/386 155/440/387
f 608/441/388 626/442/389 517/443/390 448/444/391
f 626/442/389 596/445/392 333/446/393 517/443/390
f 517/443/390 333/446/393 93/447/394 335/448/395
f 448/444/391 517/443/390 335/448/395 157/449/396
f 160/450/397 338/451/398 518/452/399 447/453/400
f 338/451/398 97/454/401 332/455/402 518/452/399
f 518/452/399 332/455/402 100/456/403 337/457/404
f 447/453/400 518/452/399 337/457/404 159/458/405
f 158/459/406 336/460/407 519/461/408 446/462/409
f 336/460/407 94/463/410 295/464/411 519/461/408
f 519/461/408 295/464/411 97/454/401 338/451/398
f 446/462/409 519/461/408 338/451/398 160/450/397
f 157/465/396 335/466/395 520/467/412 445/468/413
f 335/466/395 93/469/394 296/470/414 520/467/412
f 520/467/412 296/470/414 94/463/410 336/460/407
f 445/468/413 520/467/412 336/460/407 158/459/406
f 141/471/415 421/472/416 521/473/417 298/474/418
f 421/472/416 142/475/419 327/476/420 521/473/417
f 521/473/417 327/476/420 86/477/421 324/478/422
f 298/474/418 521/473/417 324/478/422 88/479/423
f 143/480/424 420/481/425 522/482/426 328/483/427
f 420/481/425 144/484/428 329/485/429 522/482/426
f 522/482/426 329/485/429 90/486/430 323/487/431
f 328/483/427 522/482/426 323/487/431 89/488/432
f 142/475/419 419/489/433 523/490/434 327/476/420
f 419/489/433 143/480/424 328/483/427 523/490/434
f 523/490/434 328/483/427 89/488/432 297/491/435
f 327/476/420 523/490/434 297/491/435 86/477/421
f 605/492/436 627/493/437 524/494/438 418/495/439
f 627/493/437 595/496/440 325/497/441 524/494/438
f 524/494/438 325/497/441 90/498/430 329/499/429
f 418/495/439 524/494/438 329/499/429 144/500/428
f 150/501/442 314/502/443 525/503/444 430/504/445
f 314/502/443 70/505/446 306/506/447 525/503/444
f 525/503/444 306/506/447 69/507/448 305/508/449
f 430/504/445 525/503/444 305/508/449 149/509/450
f 148/510/451 304/511/452 526/512/453 429/513/454
f 304/511/452 67/514/455 307/515/456 526/512/453
f 526/512/453 307/515/456 70/505/446 314/502/443
f 429/513/454 526/512/453 314/502/443 150/501/442
f 147/516/457 303/517/458 527/518/459 428/519/460
f 303/517/458 65/520/461 309/521/462 527/518/459
f 527/518/459 309/521/462 67/514/455 304/511/452
f 428/519/460 527/518/459 304/511/452 148/510/451
f 606/522/463 628/523/464 528/524/465 427/525/466
f 628/523/464 592/526/467 311/527/468 528/524/465
f 528/524/465 311/527/468 65/528/461 303/529/458
f 427/525/466 528/524/465 303/529/458 147/530/457
f 596/445/392 629/531/469 529/532/470 333/446/393
f 629/531/469 597/405/471 340/408/472 529/532/470
f 529/532/470 340/408/472 101/410/473 291/533/474
f 333/446/393 529/532/470 291/533/474 93/447/394
f 97/454/401 288/534/475 530/535/476 332/455/402
f 288/534/475 103/370/477 341/384/478 530/535/476
f 530/535/476 341/384/478 105/386/479 263/536/480
f 332/455/402 530/535/476 263/536/480 100/456/403
f 94/463/410 290/537/481 531/538/482 295/464/411
f 290/537/481 102/354/483 342/368/484 531/538/482
f 531/538/482 342/368/484 103/370/477 288/534/475
f 295/464/411 531/538/482 288/534/475 97/454/401
f 93/469/394 291/539/474 532/540/485 296/470/414
f 291/539/474 101/349/473 343/352/486 532/540/485
f 532/540/485 343/352/486 102/354/483 290/537/481
f 296/470/414 532/540/485 290/537/481 94/463/410
f 587/391/349 630/541/487 533/542/488 262/392/350
f 630/541/487 598/396/489 349/399/490 533/542/488
f 533/542/488 349/399/490 107/404/491 345/543/492
f 262/392/350 533/542/488 345/543/492 53/393/300
f 59/358/321 347/544/493 534/545/494 260/373/334
f 347/544/493 109/366/495 350/378/496 534/545/494
f 534/545/494 350/378/496 108/382/497 346/546/498
f 260/373/334 534/545/494 346/546/498 57/374/335
f 55/337/302 348/547/499 535/548/500 258/357/320
f 348/547/499 110/348/501 351/362/502 535/548/500
f 535/548/500 351/362/502 109/366/495 347/544/493
f 258/357/320 535/548/500 347/544/493 59/358/321
f 53/335/300 345/549/492 536/550/503 256/336/301
f 345/549/492 107/340/491 352/343/504 536/550/503
f 536/550/503 352/343/504 110/348/501 348/547/499
f 256/336/301 536/550/503 348/547/499 55/337/302
f 594/415/365 631/551/505 537/552/506 316/416/366
f 631/551/505 599/325/507 358/328/508 537/552/506
f 537/552/506 358/328/508 113/330/509 242/553/510
f 316/416/366 537/552/506 242/553/510 76/417/367
f 76/424/367 242/554/510 538/555/511 265/425/372
f 242/554/510 113/306/509 359/309/512 538/555/511
f 538/555/511 359/309/512 112/292/513 245/556/514
f 265/425/372 538/555/511 245/556/514 74/426/373
f 74/426/373 245/556/514 539/557/515 267/431/378
f 245/556/514 112/292/513 360/295/516 539/557/515
f 539/557/515 360/295/516 114/276/517 239/558/518
f 267/431/378 539/557/515 239/558/518 78/432/379
f 78/432/379 239/558/518 540/559/519 317/437/384
f 239/558/518 114/276/517 361/279/520 540/559/519
f 540/559/519 361/279/520 115/281/521 236/560/522
f 317/437/384 540/559/519 236/560/522 80/438/385
f 585/312/286 632/561/523 541/562/524 244/313/287
f 632/561/523 600/316/525 367/319/526 541/562/524
f 541/562/524 367/319/526 118/324/527 364/563/528
f 244/313/287 541/562/524 364/563/528 45/314/272
f 45/298/272 364/564/528 542/565/529 241/299/273
f 364/564/528 118/300/527 368/303/530 542/565/529
f 542/565/529 368/303/530 117/286/531 363/566/532
f 241/299/273 542/565/529 363/566/532 43/284/258
f 43/284/258 363/566/532 543/567/533 238/285/259
f 363/566/532 117/286/531 369/289/534 543/567/533
f 543/567/533 369/289/534 119/267/535 365/568/536
f 238/285/259 543/567/533 365/568/536 47/263/237
f 47/263/237 365/568/536 544/569/537 235/264/238
f 365/568/536 119/267/535 370/270/538 544/569/537
f 544/569/537 370/270/538 120/275/539 366/570/540
f 235/264/238 544/569/537 366/570/540 49/265/239
f 592/526/467 633/571/541 545/572/542 311/527/468
f 633/571/541 601/185/543 376/188/544 545/572/542
f 545/572/542 376/188/544 122/190/545 279/573/546
f 311/527/468 545/572/542 279/573/546 65/528/461
f 65/520/461 279/574/546 546/575/547 309/521/462
f 279/574/546 122/166/545 377/169/548 546/575/547
f 546/575/547 377/169/548 123/152/549 278/576/550
f 309/521/462 546/575/547 278/576/550 67/514/455
f 67/514/455 278/576/550 547/577/551 307/515/456
f 278/576/550 123/152/549 378/155/552 547/577/551
f 547/577/551 378/155/552 125/136/553 273/578/554
f 307/515/456 547/577/551 273/578/554 70/505/446
f 70/505/446 273/578/554 548/579/555 306/506/447
f 273/578/554 125/136/553 379/139/556 548/579/555
f 548/579/555 379/139/556 124/141/557 275/580/558
f 306/506/447 548/579/555 275/580/558 69/507/448
f 581/172/160 634/581/559 549/582/560 208/173/161
f 634/581/559 602/176/561 385/179/562 549/582/560
f 549/582/560 385/179/562 128/184/563 382/583/564
f 208/173/161 549/582/560 382/583/564 23/174/146
f 23/158/146 382/584/564 550/585/565 206/159/147
f 382/584/564 128/160/563 386/163/566 550/585/565
f 550/585/565 386/163/566 129/146/567 383/586/568
f 206/159/147 550/585/565 383/586/568 25/144/132
f 25/144/132 383/586/568 551/587/569 204/145/133
f 383/586/568 129/146/567 387/149/570 551/587/569
f 551/587/569 387/149/570 126/127/571 380/588/572
f 204/145/133 551/587/569 380/588/572 29/123/111
f 29/123/111 380/588/572 552/589/573 202/124/112
f 380/588/572 126/127/571 388/130/574 552/589/573
f 552/589/573 388/130/574 130/135/575 384/590/576
f 202/124/112 552/589/573 384/590/576 27/125/113
f 88/479/423 324/478/422 553/591/577 281/592/578
f 324/478/422 86/477/421 285/593/579 553/591/577
f 553/591/577 285/593/579 132/227/580 390/258/581
f 281/592/578 553/591/577 390/258/581 133/257/582
f 89/488/432 323/487/431 554/594/583 222/595/584
f 323/487/431 90/486/430 219/596/585 554/594/583
f 554/594/583 219/596/585 135/245/586 391/243/587
f 222/595/584 554/594/583 391/243/587 134/231/588
f 86/477/421 297/491/435 555/597/589 285/593/579
f 297/491/435 89/488/432 222/595/584 555/597/589
f 555/597/589 222/595/584 134/231/588 392/228/590
f 285/593/579 555/597/589 392/228/590 132/227/580
f 595/496/440 635/598/591 556/599/592 325/497/441
f 635/598/591 603/206/593 393/209/594 556/599/592
f 556/599/592 393/209/594 135/211/586 219/600/585
f 325/497/441 556/599/592 219/600/585 90/498/430
f 33/250/224 224/249/223 557/601/595 398/602/596
f 224/249/223 31/217/198 394/603/597 557/601/595
f 557/601/595 394/603/597 136/218/598 399/252/599
f 398/602/596 557/601/595 399/252/599 140/251/600
f 35/215/196 221/236/215 558/604/601 395/605/602
f 221/236/215 37/235/176 396/606/603 558/604/601
f 558/604/601 396/606/603 138/239/604 400/237/605
f 395/605/602 558/604/601 400/237/605 137/222/606
f 31/217/198 218/216/197 559/607/607 394/603/597
f 218/216/197 35/215/196 395/605/602 559/607/607
f 559/607/607 395/605/602 137/222/606 401/219/608
f 394/603/597 559/607/607 401/219/608 136/218/598
f 583/193/174 636/608/609 560/609/610 216/194/175
f 636/608/609 604/197/611 402/200/612 560/609/610
f 560/609/610 402/200/612 138/205/604 396/610/603
f 216/194/175 560/609/610 396/610/603 37/195/176
f 590/201/182 637/611/613 561/612/614 301/202/183
f 637/611/613 605/492/436 418/495/439 561/612/614
f 561/612/614 418/495/439 144/500/428 416/613/615
f 301/202/183 561/612/614 416/613/615 83/203/184
f 81/226/207 300/225/206 562/614/616 414/615/617
f 300/225/206 82/224/205 415/616/618 562/614/616
f 562/614/616 415/616/618 143/480/424 419/489/433
f 414/615/617 562/614/616 419/489/433 142/475/419
f 82/224/205 299/242/218 563/617/619 415/616/618
f 299/242/218 83/241/184 416/618/615 563/617/619
f 563/617/619 416/618/615 144/484/428 420/481/425
f 415/616/618 563/617/619 420/481/425 143/480/424
f 87/256/230 326/255/229 564/619/620 413/620/621
f 326/255/229 81/226/207 414/615/617 564/619/620
f 564/619/620 414/615/617 142/475/419 421/472/416
f 413/620/621 564/619/620 421/472/416 141/471/415
f 591/180/166 638/621/622 565/622/623 310/181/167
f 638/621/622 606/522/463 427/525/466 565/622/623
f 565/622/623 427/525/466 147/530/457 423/623/624
f 310/181/167 565/622/623 423/623/624 64/182/152
f 64/164/152 423/624/624 566/625/625 308/165/153
f 423/624/624 147/516/457 428/519/460 566/625/625
f 566/625/625 428/519/460 148/510/451 424/626/626
f 308/165/153 566/625/625 424/626/626 66/150/138
f 66/150/138 424/626/626 567/627/627 313/151/139
f 424/626/626 148/510/451 429/513/454 567/627/627
f 567/627/627 429/513/454 150/501/442 426/628/628
f 313/151/139 567/627/627 426/628/628 61/131/119
f 61/131/119 426/628/628 568/629/629 312/132/120
f 426/628/628 150/501/442 430/504/445 568/629/629
f 568/629/629 430/504/445 149/509/450 425/630/630
f 312/132/120 568/629/629 425/630/630 68/133/121
f 77/271/245 434/631/631 569/632/632 292/272/246
f 434/631/631 154/434/381 436/436/383 569/632/632
f 569/632/632 436/436/383 155/440/387 435/633/633
f 292/272/246 569/632/632 435/633/633 79/273/247
f 73/290/264 432/634/634 570/635/635 268/291/265
f 432/634/634 152/428/375 437/430/377 570/635/635
f 570/635/635 437/430/377 154/434/381 434/631/631
f 268/291/265 570/635/635 434/631/631 77/271/245
f 75/304/278 433/636/636 571/637/637 266/305/279
f 433/636/636 153/420/369 438/423/371 571/637/637
f 571/637/637 438/423/371 152/428/375 432/634/634
f 266/305/279 571/637/637 432/634/634 73/290/264
f 593/320/292 639/638/638 572/639/639 315/321/293
f 639/638/638 607/411/361 439/414/364 572/639/639
f 572/639/639 439/414/364 153/419/369 433/640/636
f 315/321/293 572/639/639 433/640/636 75/322/278
f 92/344/308 441/641/640 573/642/641 269/345/309
f 441/641/640 157/465/396 445/468/413 573/642/641
f 573/642/641 445/468/413 158/459/406 442/643/642
f 269/345/309 573/642/641 442/643/642 99/346/310
f 99/346/310 442/643/642 574/644/643 331/363/325
f 442/643/642 158/459/406 446/462/409 574/644/643
f 574/644/643 446/462/409 160/450/397 444/645/644
f 331/363/325 574/644/643 444/645/644 96/364/326
f 96/364/326 444/645/644 575/646/645 294/379/339
f 444/645/644 160/450/397 447/453/400 575/646/645
f 575/646/645 447/453/400 159/458/405 443/647/646
f 294/379/339 575/646/645 443/647/646 95/380/340
f 589/400/355 640/648/647 576/649/648 293/401/356
f 640/648/647 608/441/388 448/444/391 576/649/648
f 576/649/648 448/444/391 157/449/396 441/650/640
f 293/401/356 576/649/648 441/650/640 92/402/308
f 334/651/649 156/652/650 608/441/388 640/648/647
f 91/653/651 334/651/649 640/648/647 589/400/355
f 318/654/652 151/655/653 607/411/361 639/638/638
f 72/656/654 318/654/652 639/638/638 593/320/292
f 302/657/655 146/658/656 606/522/463 638/621/622
f 63/659/657 302/657/655 638/621/622 591/180/166
f 330/660/658 145/661/659 605/492/436 637/611/613
f 85/662/660 330/660/658 637/611/613 590/201/182
f 215/663/661 139/664/662 604/197/611 636/608/609
f 40/665/663 215/663/661 636/608/609 583/193/174
f 397/666/664 131/257/665 603/206/593 635/598/591
f 84/667/666 397/666/664 635/598/591 595/496/440
f 271/668/667 127/669/668 602/176/561 634/581/559
f 22/670/669 271/668/667 634/581/559 581/172/160
f 381/671/670 121/672/671 601/185/543 633/571/541
f 62/673/672 381/671/670 633/571/541 592/526/467
f 227/674/673 116/275/674 600/316/525 632/561/523
f 42/675/675 227/674/673 632/561/523 585/312/286
f 362/560/676 111/281/677 599/325/507 631/551/505
f 71/676/678 362/560/676 631/551/505 594/415/365
f 248/677/679 106/678/680 598/396/489 630/541/487
f 52/679/681 248/677/679 630/541/487 587/391/349
f 344/680/682 104/681/683 597/405/471 629/531/469
f 98/682/684 344/680/682 629/531/469 596/445/392
f 422/683/685 62/673/672 592/526/467 628/523/464
f 146/658/656 422/683/685 628/523/464 606/522/463
f 417/684/686 84/667/666 595/496/440 627/493/437
f 145/661/659 417/684/686 627/493/437 605/492/436
f 440/685/687 98/682/684 596/445/392 626/442/389
f 156/652/650 440/685/687 626/442/389 608/441/388
f 431/686/688 71/676/678 594/415/365 625/412/362
f 151/655/653 431/686/688 625/412/362 607/411/361
f 339/687/689 51/688/690 588/10/10 624/406/358
f 104/681/691 339/687/689 624/406/358 597/405/357
f 287/689/692 91/653/651 589/400/355 623/397/352
f 106/678/693 287/689/692 623/397/352 598/396/351
f 178/690/694 52/679/681 587/391/349 622/388/347
f 19/691/695 178/690/694 622/388/347 578/387/62
f 353/280/696 41/692/697 586/61/58 621/326/295
f 111/281/698 353/280/696 621/326/295 599/325/294
f 270/693/699 72/656/654 593/320/292 620/317/289
f 116/275/700 270/693/699 620/317/289 600/316/288
f 192/694/701 42/675/675 585/312/286 619/310/284
f 20/88/702 192/694/701 619/310/284 579/5/5
f 389/260/703 39/19/704 584/112/103 618/207/188
f 131/257/705 389/260/703 618/207/188 603/206/187
f 407/695/706 85/662/660 590/201/182 617/198/179
f 139/664/707 407/695/706 617/198/179 604/197/178
f 185/696/708 40/665/663 583/193/174 616/191/172
f 17/697/709 185/696/708 616/191/172 577/14/14
f 371/698/710 21/90/711 582/1/1 615/186/169
f 121/672/712 371/698/710 615/186/169 601/185/168
f 412/699/713 63/659/657 591/180/166 614/177/163
f 127/669/714 412/699/713 614/177/163 602/176/162
f 177/700/715 22/670/669 581/172/160 613/170/158
f 18/701/716 177/700/715 613/170/158 580/116/107
f 214/702/717 18/701/716 580/116/107 612/113/104
f 39/19/704 214/702/717 612/113/104 584/112/103
f 226/703/718 19/704/695 578/65/62 611/62/59
f 41/692/719 226/703/718 611/62/59 586/61/58
f 247/44/720 17/697/709 577/14/14 610/11/11
f 51/688/690 247/44/720 610/11/11 588/10/10
f 197/89/721 20/88/702 579/5/5 609/2/2
f 21/90/722 197/89/721 609/2/2 582/1/1
f 1222/1/723 849/4/724 1089/3/725 1249/2/726
f 1249/2/726 1089/3/725 815/6/727 1219/5/728
f 1089/3/725 819/8/729 656/7/730 815/6/727
f 849/4/724 664/9/731 819/8/729 1089/3/725
f 1228/10/732 904/13/733 1090/12/734 1250/11/735
f 1250/11/735 1090/12/734 813/15/736 1217/14/737
f 1090/12/734 820/17/738 653/16/739 813/15/736
f 904/13/733 694/18/740 820/17/738 1090/12/734
f 674/19/741 822/22/742 1091/21/743 865/20/744
f 865/20/744 1091/21/743 821/24/745 672/23/746
f 1091/21/743 804/26/747 643/25/748 821/24/745
f 822/22/742 644/27/749 804/26/747 1091/21/743
f 676/28/750 823/31/751 1092/30/752 863/29/753
f 863/29/753 1092/30/752 824/33/754 678/32/755
f 1092/30/752 812/35/756 654/34/757 824/33/754
f 823/31/751 650/36/758 812/35/756 1092/30/752
f 700/37/759 901/40/760 1093/39/761 831/38/762
f 831/38/762 1093/39/761 801/42/763 641/41/764
f 1093/39/761 828/44/765 642/43/766 801/42/763
f 901/40/760 698/45/767 828/44/765 1093/39/761
f 696/46/768 899/49/769 1094/48/770 826/47/771
f 826/47/771 1094/48/770 805/51/772 649/50/773
f 1094/48/770 831/38/762 641/41/764 805/51/772
f 899/49/769 700/37/759 831/38/762 1094/48/770
f 672/23/746 821/24/745 1095/53/774 860/52/775
f 860/52/775 1095/53/774 823/31/751 676/28/750
f 1095/53/774 808/54/776 650/36/758 823/31/751
f 821/24/745 643/25/748 808/54/776 1095/53/774
f 694/55/740 897/58/777 1096/57/778 820/56/738
f 820/56/738 1096/57/778 809/60/779 653/59/739
f 1096/57/778 826/47/771 649/50/773 809/60/779
f 897/58/777 696/46/768 826/47/771 1096/57/778
f 1226/61/780 886/64/781 1097/63/782 1251/62/783
f 1251/62/783 1097/63/782 814/66/784 1218/65/785
f 1097/63/782 834/68/786 655/67/787 814/66/784
f 886/64/781 686/69/788 834/68/786 1097/63/782
f 664/70/731 847/73/789 1098/72/790 819/71/729
f 819/71/729 1098/72/790 811/75/791 656/74/730
f 1098/72/790 827/77/792 652/76/793 811/75/791
f 847/73/789 666/78/794 827/77/792 1098/72/790
f 666/78/794 845/80/795 1099/79/796 827/77/792
f 827/77/792 1099/79/796 807/81/797 652/76/793
f 1099/79/796 830/83/798 647/82/799 807/81/797
f 845/80/795 670/84/800 830/83/798 1099/79/796
f 670/84/800 843/86/801 1100/85/802 830/83/798
f 830/83/798 1100/85/802 803/87/803 647/82/799
f 1100/85/802 829/89/804 648/88/805 803/87/803
f 843/86/801 668/90/806 829/89/804 1100/85/802
f 686/91/788 883/94/807 1101/93/808 834/92/786
f 834/92/786 1101/93/808 810/96/809 655/95/787
f 1101/93/808 833/98/810 651/97/811 810/96/809
f 883/94/807 684/99/812 833/98/810 1101/93/808
f 684/99/812 880/101/813 1102/100/814 833/98/810
f 833/98/810 1102/100/814 806/102/815 651/97/811
f 1102/100/814 835/104/816 645/103/817 806/102/815
f 880/101/813 688/105/818 835/104/816 1102/100/814
f 688/105/818 877/107/819 1103/106/820 835/104/816
f 835/104/816 1103/106/820 802/108/821 645/103/817
f 1103/106/820 836/110/822 646/109/823 802/108/821
f 877/107/819 690/111/824 836/110/822 1103/106/820
f 1224/112/825 857/115/826 1104/114/827 1252/113/828
f 1252/113/828 1104/114/827 816/117/829 1220/116/830
f 1104/114/827 824/119/754 654/118/757 816/117/829
f 857/115/826 678/120/755 824/119/754 1104/114/827
f 643/25/748 804/26/747 1105/122/831 841/121/832
f 841/121/832 1105/122/831 842/124/833 669/123/834
f 1105/122/831 840/126/835 667/125/836 842/124/833
f 804/26/747 644/27/749 840/126/835 1105/122/831
f 766/127/837 1028/130/838 1106/129/839 1048/128/840
f 1048/128/840 1106/129/839 952/132/841 701/131/842
f 1106/129/839 1051/134/843 708/133/844 952/132/841
f 1028/130/838 770/135/845 1051/134/843 1106/129/839
f 765/136/846 1019/139/847 1107/138/848 917/137/849
f 917/137/849 1107/138/848 843/86/801 670/84/800
f 1107/138/848 916/140/850 668/90/806 843/86/801
f 1019/139/847 764/141/851 916/140/850 1107/138/848
f 650/36/758 808/54/776 1108/143/852 839/142/853
f 839/142/853 1108/143/852 844/145/854 665/144/855
f 1108/143/852 841/121/832 669/123/834 844/145/854
f 808/54/776 643/25/748 841/121/832 1108/143/852
f 769/146/856 1027/149/857 1109/148/858 1050/147/859
f 1050/147/859 1109/148/858 953/151/860 706/150/861
f 1109/148/858 1048/128/840 701/131/842 953/151/860
f 1027/149/857 766/127/837 1048/128/840 1109/148/858
f 763/152/862 1018/155/863 1110/154/864 914/153/865
f 914/153/865 1110/154/864 845/80/795 666/78/794
f 1110/154/864 917/137/849 670/84/800 845/80/795
f 1018/155/863 765/136/846 917/137/849 1110/154/864
f 654/34/757 812/35/756 1111/157/866 838/156/867
f 838/156/867 1111/157/866 846/159/868 663/158/869
f 1111/157/866 839/142/853 665/144/855 846/159/868
f 812/35/756 650/36/758 839/142/853 1111/157/866
f 768/160/870 1026/163/871 1112/162/872 1049/161/873
f 1049/161/873 1112/162/872 948/165/874 704/164/875
f 1112/162/872 1050/147/859 706/150/861 948/165/874
f 1026/163/871 769/146/856 1050/147/859 1112/162/872
f 762/166/876 1017/169/877 1113/168/878 912/167/879
f 912/167/879 1113/168/878 847/73/789 664/70/731
f 1113/168/878 914/153/865 666/78/794 847/73/789
f 1017/169/877 763/152/862 914/153/865 1113/168/878
f 1220/116/830 816/117/829 1114/171/880 1253/170/881
f 1253/170/881 1114/171/880 848/173/882 1221/172/883
f 1114/171/880 838/175/867 663/174/869 848/173/882
f 816/117/829 654/118/757 838/175/867 1114/171/880
f 1242/176/884 1025/179/885 1115/178/886 1254/177/887
f 1254/177/887 1115/178/886 950/181/888 1231/180/889
f 1115/178/886 1049/183/873 704/182/875 950/181/888
f 1025/179/885 768/184/870 1049/183/873 1115/178/886
f 1241/185/890 1016/188/891 1116/187/892 1255/186/893
f 1255/186/893 1116/187/892 849/4/724 1222/1/723
f 1116/187/892 912/189/879 664/9/731 849/4/724
f 1016/188/891 762/190/876 912/189/879 1116/187/892
f 1217/14/737 813/15/736 1117/192/894 1256/191/895
f 1256/191/895 1117/192/894 856/194/896 1223/193/897
f 1117/192/894 853/196/898 677/195/899 856/194/896
f 813/15/736 653/16/739 853/196/898 1117/192/894
f 1244/197/900 1042/200/901 1118/199/902 1257/198/903
f 1257/198/903 1118/199/902 941/202/904 1230/201/905
f 1118/199/902 1045/204/906 723/203/907 941/202/904
f 1042/200/901 778/205/908 1045/204/906 1118/199/902
f 1243/206/909 1033/209/910 1119/208/911 1258/207/912
f 1258/207/912 1119/208/911 857/115/826 1224/112/825
f 1119/208/911 924/210/913 678/120/755 857/115/826
f 1033/209/910 775/211/914 924/210/913 1119/208/911
f 641/41/764 850/213/915 1120/212/916 805/51/772
f 805/51/772 1120/212/916 852/214/917 649/50/773
f 1120/212/916 858/216/918 675/215/919 852/214/917
f 850/213/915 671/217/920 858/216/918 1120/212/916
f 776/218/921 1043/221/922 1121/220/923 1041/219/924
f 1041/219/924 1121/220/923 1044/223/925 777/222/926
f 1121/220/923 940/225/927 722/224/928 1044/223/925
f 1043/221/922 721/226/929 940/225/927 1121/220/923
f 772/227/930 920/230/931 1122/229/932 1032/228/933
f 1032/228/933 1122/229/932 923/232/934 774/231/935
f 1122/229/932 860/52/775 676/28/750 923/232/934
f 920/230/931 672/23/746 860/52/775 1122/229/932
f 649/50/773 852/214/917 1123/233/936 809/60/779
f 809/60/779 1123/233/936 853/234/898 653/59/739
f 1123/233/936 861/236/937 677/235/899 853/234/898
f 852/214/917 675/215/919 861/236/937 1123/233/936
f 777/222/926 1044/223/925 1124/238/938 1040/237/939
f 1040/237/939 1124/238/938 1045/240/906 778/239/908
f 1124/238/938 939/242/940 723/241/907 1045/240/906
f 1044/223/925 722/224/928 939/242/940 1124/238/938
f 774/231/935 923/232/934 1125/244/941 1031/243/942
f 1031/243/942 1125/244/941 924/246/913 775/245/914
f 1125/244/941 863/29/753 678/32/755 924/246/913
f 923/232/934 676/28/750 863/29/753 1125/244/941
f 642/43/766 851/248/943 1126/247/944 801/42/763
f 801/42/763 1126/247/944 850/213/915 641/41/764
f 1126/247/944 864/249/945 671/217/920 850/213/915
f 851/248/943 673/250/946 864/249/945 1126/247/944
f 780/251/947 1046/254/948 1127/253/949 1039/252/950
f 1039/252/950 1127/253/949 1043/221/922 776/218/921
f 1127/253/949 966/255/951 721/226/929 1043/221/922
f 1046/254/948 727/256/952 966/255/951 1127/253/949
f 773/257/953 922/260/954 1128/259/955 1030/258/956
f 1030/258/956 1128/259/955 920/230/931 772/227/930
f 1128/259/955 865/20/744 672/23/746 920/230/931
f 922/260/954 674/19/741 865/20/744 1128/259/955
f 647/82/799 803/87/803 1129/262/957 872/261/958
f 872/261/958 1129/262/957 875/264/959 687/263/960
f 1129/262/957 874/266/961 689/265/962 875/264/959
f 803/87/803 648/88/805 874/266/961 1129/262/957
f 759/267/963 1010/270/964 1130/269/965 1013/268/966
f 1013/268/966 1130/269/965 932/272/967 717/271/968
f 1130/269/965 1012/274/969 719/273/970 932/272/967
f 1010/270/964 760/275/971 1012/274/969 1130/269/965
f 754/276/972 1001/279/973 1131/278/974 873/277/975
f 873/277/975 1131/278/974 877/107/819 688/105/818
f 1131/278/974 926/280/976 690/111/824 877/107/819
f 1001/279/973 755/281/977 926/280/976 1131/278/974
f 652/76/793 807/81/797 1132/283/978 868/282/979
f 868/282/979 1132/283/978 878/285/980 683/284/981
f 1132/283/978 872/261/958 687/263/960 878/285/980
f 807/81/797 647/82/799 872/261/958 1132/283/978
f 757/286/982 1009/289/983 1133/288/984 1015/287/985
f 1015/287/985 1133/288/984 908/291/986 713/290/987
f 1133/288/984 1013/268/966 717/271/968 908/291/986
f 1009/289/983 759/267/963 1013/268/966 1133/288/984
f 752/292/988 1000/295/989 1134/294/990 869/293/991
f 869/293/991 1134/294/990 880/101/813 684/99/812
f 1134/294/990 873/277/975 688/105/818 880/101/813
f 1000/295/989 754/276/972 873/277/975 1134/294/990
f 656/74/730 811/75/791 1135/297/992 870/296/993
f 870/296/993 1135/297/992 881/299/994 685/298/995
f 1135/297/992 868/282/979 683/284/981 881/299/994
f 811/75/791 652/76/793 868/282/979 1135/297/992
f 758/300/996 1008/303/997 1136/302/998 1014/301/999
f 1014/301/999 1136/302/998 906/305/1000 715/304/1001
f 1136/302/998 1015/287/985 713/290/987 906/305/1000
f 1008/303/997 757/286/982 1015/287/985 1136/302/998
f 753/306/1002 999/309/1003 1137/308/1004 871/307/1005
f 871/307/1005 1137/308/1004 883/94/807 686/91/788
f 1137/308/1004 869/293/991 684/99/812 883/94/807
f 999/309/1003 752/292/988 869/293/991 1137/308/1004
f 1219/5/728 815/6/727 1138/311/1006 1259/310/1007
f 1259/310/1007 1138/311/1006 884/313/1008 1225/312/1009
f 1138/311/1006 870/315/993 685/314/995 884/313/1008
f 815/6/727 656/7/730 870/315/993 1138/311/1006
f 1240/316/1010 1007/319/1011 1139/318/1012 1260/317/1013
f 1260/317/1013 1139/318/1012 955/321/1014 1233/320/1015
f 1139/318/1012 1014/323/999 715/322/1001 955/321/1014
f 1007/319/1011 758/324/996 1014/323/999 1139/318/1012
f 1239/325/1016 998/328/1017 1140/327/1018 1261/326/1019
f 1261/326/1019 1140/327/1018 886/64/781 1226/61/780
f 1140/327/1018 871/329/1005 686/69/788 886/64/781
f 998/328/1017 753/330/1002 871/329/1005 1140/327/1018
f 655/331/787 810/334/809 1141/333/1020 889/332/1021
f 889/332/1021 1141/333/1020 896/336/1022 693/335/1023
f 1141/333/1020 891/338/1024 695/337/1025 896/336/1022
f 810/334/809 651/339/811 891/338/1024 1141/333/1020
f 747/340/1026 992/343/1027 1142/342/1028 997/341/1029
f 997/341/1029 1142/342/1028 909/345/1030 732/344/1031
f 1142/342/1028 994/347/1032 739/346/1033 909/345/1030
f 992/343/1027 750/348/1034 994/347/1032 1142/342/1028
f 741/349/1035 983/352/1036 1143/351/1037 890/350/1038
f 890/350/1038 1143/351/1037 897/58/777 694/55/740
f 1143/351/1037 892/353/1039 696/46/768 897/58/777
f 983/352/1036 742/354/1040 892/353/1039 1143/351/1037
f 651/339/811 806/356/815 1144/355/1041 891/338/1024
f 891/338/1024 1144/355/1041 898/357/1042 695/337/1025
f 1144/355/1041 894/359/1043 699/358/1044 898/357/1042
f 806/356/815 645/360/817 894/359/1043 1144/355/1041
f 750/348/1034 991/362/1045 1145/361/1046 994/347/1032
f 994/347/1032 1145/361/1046 971/363/1047 739/346/1033
f 1145/361/1046 995/365/1048 736/364/1049 971/363/1047
f 991/362/1045 749/366/1050 995/365/1048 1145/361/1046
f 742/354/1040 982/368/1051 1146/367/1052 892/353/1039
f 892/353/1039 1146/367/1052 899/49/769 696/46/768
f 1146/367/1052 895/369/1053 700/37/759 899/49/769
f 982/368/1051 743/370/1054 895/369/1053 1146/367/1052
f 645/360/817 802/372/821 1147/371/1055 894/359/1043
f 894/359/1043 1147/371/1055 900/373/1056 699/358/1044
f 1147/371/1055 893/375/1057 697/374/1058 900/373/1056
f 802/372/821 646/376/823 893/375/1057 1147/371/1055
f 749/366/1050 990/378/1059 1148/377/1060 995/365/1048
f 995/365/1048 1148/377/1060 934/379/1061 736/364/1049
f 1148/377/1060 996/381/1062 735/380/1063 934/379/1061
f 990/378/1059 748/382/1064 996/381/1062 1148/377/1060
f 743/370/1054 981/384/1065 1149/383/1066 895/369/1053
f 895/369/1053 1149/383/1066 901/40/760 700/37/759
f 1149/383/1066 929/385/1067 698/45/767 901/40/760
f 981/384/1065 745/386/1068 929/385/1067 1149/383/1066
f 1218/387/785 814/390/784 1150/389/1069 1262/388/1070
f 1262/388/1070 1150/389/1069 902/392/1071 1227/391/1072
f 1150/389/1069 889/394/1021 693/393/1023 902/392/1071
f 814/390/784 655/395/787 889/394/1021 1150/389/1069
f 1238/396/1073 989/399/1074 1151/398/1075 1263/397/1076
f 1263/397/1076 1151/398/1075 933/401/1077 1229/400/1078
f 1151/398/1075 997/403/1029 732/402/1031 933/401/1077
f 989/399/1074 747/404/1026 997/403/1029 1151/398/1075
f 1237/405/1079 980/408/1080 1152/407/1081 1264/406/1082
f 1264/406/1082 1152/407/1081 904/13/733 1228/10/732
f 1152/407/1081 890/409/1038 694/18/740 904/13/733
f 980/408/1080 741/410/1035 890/409/1038 1152/407/1081
f 1247/411/1083 1079/414/1084 1153/413/1085 1265/412/1086
f 1265/412/1086 1153/413/1085 956/416/1087 1234/415/1088
f 1153/413/1085 960/418/1089 716/417/1090 956/416/1087
f 1079/414/1084 793/419/1091 960/418/1089 1153/413/1085
f 793/420/1091 1078/423/1092 1154/422/1093 960/421/1089
f 960/421/1089 1154/422/1093 905/425/1094 716/424/1090
f 1154/422/1093 959/427/1095 714/426/1096 905/425/1094
f 1078/423/1092 792/428/1097 959/427/1095 1154/422/1093
f 792/428/1097 1077/430/1098 1155/429/1099 959/427/1095
f 959/427/1095 1155/429/1099 907/431/1100 714/426/1096
f 1155/429/1099 961/433/1101 718/432/1102 907/431/1100
f 1077/430/1098 794/434/1103 961/433/1101 1155/429/1099
f 794/434/1103 1076/436/1104 1156/435/1105 961/433/1101
f 961/433/1101 1156/435/1105 957/437/1106 718/432/1102
f 1156/435/1105 962/439/1107 720/438/1108 957/437/1106
f 1076/436/1104 795/440/1109 962/439/1107 1156/435/1105
f 1248/441/1110 1088/444/1111 1157/443/1112 1266/442/1113
f 1266/442/1113 1157/443/1112 973/446/1114 1236/445/1115
f 1157/443/1112 975/448/1116 733/447/1117 973/446/1114
f 1088/444/1111 797/449/1118 975/448/1116 1157/443/1112
f 800/450/1119 1087/453/1120 1158/452/1121 978/451/1122
f 978/451/1122 1158/452/1121 972/455/1123 737/454/1124
f 1158/452/1121 977/457/1125 740/456/1126 972/455/1123
f 1087/453/1120 799/458/1127 977/457/1125 1158/452/1121
f 798/459/1128 1086/462/1129 1159/461/1130 976/460/1131
f 976/460/1131 1159/461/1130 935/464/1132 734/463/1133
f 1159/461/1130 978/451/1122 737/454/1124 935/464/1132
f 1086/462/1129 800/450/1119 978/451/1122 1159/461/1130
f 797/465/1118 1085/468/1134 1160/467/1135 975/466/1116
f 975/466/1116 1160/467/1135 936/470/1136 733/469/1117
f 1160/467/1135 976/460/1131 734/463/1133 936/470/1136
f 1085/468/1134 798/459/1128 976/460/1131 1160/467/1135
f 781/471/1137 938/474/1138 1161/473/1139 1061/472/1140
f 1061/472/1140 1161/473/1139 967/476/1141 782/475/1142
f 1161/473/1139 964/478/1143 726/477/1144 967/476/1141
f 938/474/1138 728/479/1145 964/478/1143 1161/473/1139
f 783/480/1146 968/483/1147 1162/482/1148 1060/481/1149
f 1060/481/1149 1162/482/1148 969/485/1150 784/484/1151
f 1162/482/1148 963/487/1152 730/486/1153 969/485/1150
f 968/483/1147 729/488/1154 963/487/1152 1162/482/1148
f 782/475/1142 967/476/1141 1163/490/1155 1059/489/1156
f 1059/489/1156 1163/490/1155 968/483/1147 783/480/1146
f 1163/490/1155 937/491/1157 729/488/1154 968/483/1147
f 967/476/1141 726/477/1144 937/491/1157 1163/490/1155
f 1245/492/1158 1058/495/1159 1164/494/1160 1267/493/1161
f 1267/493/1161 1164/494/1160 965/497/1162 1235/496/1163
f 1164/494/1160 969/499/1150 730/498/1153 965/497/1162
f 1058/495/1159 784/500/1151 969/499/1150 1164/494/1160
f 790/501/1164 1070/504/1165 1165/503/1166 954/502/1167
f 954/502/1167 1165/503/1166 946/506/1168 710/505/1169
f 1165/503/1166 945/508/1170 709/507/1171 946/506/1168
f 1070/504/1165 789/509/1172 945/508/1170 1165/503/1166
f 788/510/1173 1069/513/1174 1166/512/1175 944/511/1176
f 944/511/1176 1166/512/1175 947/515/1177 707/514/1178
f 1166/512/1175 954/502/1167 710/505/1169 947/515/1177
f 1069/513/1174 790/501/1164 954/502/1167 1166/512/1175
f 787/516/1179 1068/519/1180 1167/518/1181 943/517/1182
f 943/517/1182 1167/518/1181 949/521/1183 705/520/1184
f 1167/518/1181 944/511/1176 707/514/1178 949/521/1183
f 1068/519/1180 788/510/1173 944/511/1176 1167/518/1181
f 1246/522/1185 1067/525/1186 1168/524/1187 1268/523/1188
f 1268/523/1188 1168/524/1187 951/527/1189 1232/526/1190
f 1168/524/1187 943/529/1182 705/528/1184 951/527/1189
f 1067/525/1186 787/530/1179 943/529/1182 1168/524/1187
f 1236/445/1115 973/446/1114 1169/532/1191 1269/531/1192
f 1269/531/1192 1169/532/1191 980/408/1193 1237/405/1194
f 1169/532/1191 931/533/1195 741/410/1196 980/408/1193
f 973/446/1114 733/447/1117 931/533/1195 1169/532/1191
f 737/454/1124 972/455/1123 1170/535/1197 928/534/1198
f 928/534/1198 1170/535/1197 981/384/1199 743/370/1200
f 1170/535/1197 903/536/1201 745/386/1202 981/384/1199
f 972/455/1123 740/456/1126 903/536/1201 1170/535/1197
f 734/463/1133 935/464/1132 1171/538/1203 930/537/1204
f 930/537/1204 1171/538/1203 982/368/1205 742/354/1206
f 1171/538/1203 928/534/1198 743/370/1200 982/368/1205
f 935/464/1132 737/454/1124 928/534/1198 1171/538/1203
f 733/469/1117 936/470/1136 1172/540/1207 931/539/1195
f 931/539/1195 1172/540/1207 983/352/1208 741/349/1196
f 1172/540/1207 930/537/1204 742/354/1206 983/352/1208
f 936/470/1136 734/463/1133 930/537/1204 1172/540/1207
f 1227/391/1072 902/392/1071 1173/542/1209 1270/541/1210
f 1270/541/1210 1173/542/1209 989/399/1211 1238/396/1212
f 1173/542/1209 985/543/1213 747/404/1214 989/399/1211
f 902/392/1071 693/393/1023 985/543/1213 1173/542/1209
f 699/358/1044 900/373/1056 1174/545/1215 987/544/1216
f 987/544/1216 1174/545/1215 990/378/1217 749/366/1218
f 1174/545/1215 986/546/1219 748/382/1220 990/378/1217
f 900/373/1056 697/374/1058 986/546/1219 1174/545/1215
f 695/337/1025 898/357/1042 1175/548/1221 988/547/1222
f 988/547/1222 1175/548/1221 991/362/1223 750/348/1224
f 1175/548/1221 987/544/1216 749/366/1218 991/362/1223
f 898/357/1042 699/358/1044 987/544/1216 1175/548/1221
f 693/335/1023 896/336/1022 1176/550/1225 985/549/1213
f 985/549/1213 1176/550/1225 992/343/1226 747/340/1214
f 1176/550/1225 988/547/1222 750/348/1224 992/343/1226
f 896/336/1022 695/337/1025 988/547/1222 1176/550/1225
f 1234/415/1088 956/416/1087 1177/552/1227 1271/551/1228
f 1271/551/1228 1177/552/1227 998/328/1229 1239/325/1230
f 1177/552/1227 882/553/1231 753/330/1232 998/328/1229
f 956/416/1087 716/417/1090 882/553/1231 1177/552/1227
f 716/424/1090 905/425/1094 1178/555/1233 882/554/1231
f 882/554/1231 1178/555/1233 999/309/1234 753/306/1232
f 1178/555/1233 885/556/1235 752/292/1236 999/309/1234
f 905/425/1094 714/426/1096 885/556/1235 1178/555/1233
f 714/426/1096 907/431/1100 1179/557/1237 885/556/1235
f 885/556/1235 1179/557/1237 1000/295/1238 752/292/1236
f 1179/557/1237 879/558/1239 754/276/1240 1000/295/1238
f 907/431/1100 718/432/1102 879/558/1239 1179/557/1237
f 718/432/1102 957/437/1106 1180/559/1241 879/558/1239
f 879/558/1239 1180/559/1241 1001/279/1242 754/276/1240
f 1180/559/1241 876/560/1243 755/281/1244 1001/279/1242
f 957/437/1106 720/438/1108 876/560/1243 1180/559/1241
f 1225/312/1009 884/313/1008 1181/562/1245 1272/561/1246
f 1272/561/1246 1181/562/1245 1007/319/1247 1240/316/1248
f 1181/562/1245 1004/563/1249 758/324/1250 1007/319/1247
f 884/313/1008 685/314/995 1004/563/1249 1181/562/1245
f 685/298/995 881/299/994 1182/565/1251 1004/564/1249
f 1004/564/1249 1182/565/1251 1008/303/1252 758/300/1250
f 1182/565/1251 1003/566/1253 757/286/1254 1008/303/1252
f 881/299/994 683/284/981 1003/566/1253 1182/565/1251
f 683/284/981 878/285/980 1183/567/1255 1003/566/1253
f 1003/566/1253 1183/567/1255 1009/289/1256 757/286/1254
f 1183/567/1255 1005/568/1257 759/267/1258 1009/289/1256
f 878/285/980 687/263/960 1005/568/1257 1183/567/1255
f 687/263/960 875/264/959 1184/569/1259 1005/568/1257
f 1005/568/1257 1184/569/1259 1010/270/1260 759/267/1258
f 1184/569/1259 1006/570/1261 760/275/1262 1010/270/1260
f 875/264/959 689/265/962 1006/570/1261 1184/569/1259
f 1232/526/1190 951/527/1189 1185/572/1263 1273/571/1264
f 1273/571/1264 1185/572/1263 1016/188/1265 1241/185/1266
f 1185/572/1263 919/573/1267 762/190/1268 1016/188/1265
f 951/527/1189 705/528/1184 919/573/1267 1185/572/1263
f 705/520/1184 949/521/1183 1186/575/1269 919/574/1267
f 919/574/1267 1186/575/1269 1017/169/1270 762/166/1268
f 1186/575/1269 918/576/1271 763/152/1272 1017/169/1270
f 949/521/1183 707/514/1178 918/576/1271 1186/575/1269
f 707/514/1178 947/515/1177 1187/577/1273 918/576/1271
f 918/576/1271 1187/577/1273 1018/155/1274 763/152/1272
f 1187/577/1273 913/578/1275 765/136/1276 1018/155/1274
f 947/515/1177 710/505/1169 913/578/1275 1187/577/1273
f 710/505/1169 946/506/1168 1188/579/1277 913/578/1275
f 913/578/1275 1188/579/1277 1019/139/1278 765/136/1276
f 1188/579/1277 915/580/1279 764/141/1280 1019/139/1278
f 946/506/1168 709/507/1171 915/580/1279 1188/579/1277
f 1221/172/883 848/173/882 1189/582/1281 1274/581/1282
f 1274/581/1282 1189/582/1281 1025/179/1283 1242/176/1284
f 1189/582/1281 1022/583/1285 768/184/1286 1025/179/1283
f 848/173/882 663/174/869 1022/583/1285 1189/582/1281
f 663/158/869 846/159/868 1190/585/1287 1022/584/1285
f 1022/584/1285 1190/585/1287 1026/163/1288 768/160/1286
f 1190/585/1287 1023/586/1289 769/146/1290 1026/163/1288
f 846/159/868 665/144/855 1023/586/1289 1190/585/1287
f 665/144/855 844/145/854 1191/587/1291 1023/586/1289
f 1023/586/1289 1191/587/1291 1027/149/1292 769/146/1290
f 1191/587/1291 1020/588/1293 766/127/1294 1027/149/1292
f 844/145/854 669/123/834 1020/588/1293 1191/587/1291
f 669/123/834 842/124/833 1192/589/1295 1020/588/1293
f 1020/588/1293 1192/589/1295 1028/130/1296 766/127/1294
f 1192/589/1295 1024/590/1297 770/135/1298 1028/130/1296
f 842/124/833 667/125/836 1024/590/1297 1192/589/1295
f 728/479/1145 921/592/1299 1193/591/1300 964/478/1143
f 964/478/1143 1193/591/1300 925/593/1301 726/477/1144
f 1193/591/1300 1030/258/1302 772/227/1303 925/593/1301
f 921/592/1299 773/257/1304 1030/258/1302 1193/591/1300
f 729/488/1154 862/595/1305 1194/594/1306 963/487/1152
f 963/487/1152 1194/594/1306 859/596/1307 730/486/1153
f 1194/594/1306 1031/243/1308 775/245/1309 859/596/1307
f 862/595/1305 774/231/1310 1031/243/1308 1194/594/1306
f 726/477/1144 925/593/1301 1195/597/1311 937/491/1157
f 937/491/1157 1195/597/1311 862/595/1305 729/488/1154
f 1195/597/1311 1032/228/1312 774/231/1310 862/595/1305
f 925/593/1301 772/227/1303 1032/228/1312 1195/597/1311
f 1235/496/1163 965/497/1162 1196/599/1313 1275/598/1314
f 1275/598/1314 1196/599/1313 1033/209/1315 1243/206/1316
f 1196/599/1313 859/600/1307 775/211/1309 1033/209/1315
f 965/497/1162 730/498/1153 859/600/1307 1196/599/1313
f 673/250/946 1038/602/1317 1197/601/1318 864/249/945
f 864/249/945 1197/601/1318 1034/603/1319 671/217/920
f 1197/601/1318 1039/252/1320 776/218/1321 1034/603/1319
f 1038/602/1317 780/251/1322 1039/252/1320 1197/601/1318
f 675/215/919 1035/605/1323 1198/604/1324 861/236/937
f 861/236/937 1198/604/1324 1036/606/1325 677/235/899
f 1198/604/1324 1040/237/1326 778/239/1327 1036/606/1325
f 1035/605/1323 777/222/1328 1040/237/1326 1198/604/1324
f 671/217/920 1034/603/1319 1199/607/1329 858/216/918
f 858/216/918 1199/607/1329 1035/605/1323 675/215/919
f 1199/607/1329 1041/219/1330 777/222/1328 1035/605/1323
f 1034/603/1319 776/218/1321 1041/219/1330 1199/607/1329
f 1223/193/897 856/194/896 1200/609/1331 1276/608/1332
f 1276/608/1332 1200/609/1331 1042/200/1333 1244/197/1334
f 1200/609/1331 1036/610/1325 778/205/1327 1042/200/1333
f 856/194/896 677/195/899 1036/610/1325 1200/609/1331
f 1230/201/905 941/202/904 1201/612/1335 1277/611/1336
f 1277/611/1336 1201/612/1335 1058/495/1159 1245/492/1158
f 1201/612/1335 1056/613/1337 784/500/1151 1058/495/1159
f 941/202/904 723/203/907 1056/613/1337 1201/612/1335
f 721/226/929 1054/615/1338 1202/614/1339 940/225/927
f 940/225/927 1202/614/1339 1055/616/1340 722/224/928
f 1202/614/1339 1059/489/1156 783/480/1146 1055/616/1340
f 1054/615/1338 782/475/1142 1059/489/1156 1202/614/1339
f 722/224/928 1055/616/1340 1203/617/1341 939/242/940
f 939/242/940 1203/617/1341 1056/618/1337 723/241/907
f 1203/617/1341 1060/481/1149 784/484/1151 1056/618/1337
f 1055/616/1340 783/480/1146 1060/481/1149 1203/617/1341
f 727/256/952 1053/620/1342 1204/619/1343 966/255/951
f 966/255/951 1204/619/1343 1054/615/1338 721/226/929
f 1204/619/1343 1061/472/1140 782/475/1142 1054/615/1338
f 1053/620/1342 781/471/1137 1061/472/1140 1204/619/1343
f 1231/180/889 950/181/888 1205/622/1344 1278/621/1345
f 1278/621/1345 1205/622/1344 1067/525/1186 1246/522/1185
f 1205/622/1344 1063/623/1346 787/530/1179 1067/525/1186
f 950/181/888 704/182/875 1063/623/1346 1205/622/1344
f 704/164/875 948/165/874 1206/625/1347 1063/624/1346
f 1063/624/1346 1206/625/1347 1068/519/1180 787/516/1179
f 1206/625/1347 1064/626/1348 788/510/1173 1068/519/1180
f 948/165/874 706/150/861 1064/626/1348 1206/625/1347
f 706/150/861 953/151/860 1207/627/1349 1064/626/1348
f 1064/626/1348 1207/627/1349 1069/513/1174 788/510/1173
f 1207/627/1349 1066/628/1350 790/501/1164 1069/513/1174
f 953/151/860 701/131/842 1066/628/1350 1207/627/1349
f 701/131/842 952/132/841 1208/629/1351 1066/628/1350
f 1066/628/1350 1208/629/1351 1070/504/1165 790/501/1164
f 1208/629/1351 1065/630/1352 789/509/1172 1070/504/1165
f 952/132/841 708/133/844 1065/630/1352 1208/629/1351
f 717/271/968 932/272/967 1209/632/1353 1074/631/1354
f 1074/631/1354 1209/632/1353 1076/436/1104 794/434/1103
f 1209/632/1353 1075/633/1355 795/440/1109 1076/436/1104
f 932/272/967 719/273/970 1075/633/1355 1209/632/1353
f 713/290/987 908/291/986 1210/635/1356 1072/634/1357
f 1072/634/1357 1210/635/1356 1077/430/1098 792/428/1097
f 1210/635/1356 1074/631/1354 794/434/1103 1077/430/1098
f 908/291/986 717/271/968 1074/631/1354 1210/635/1356
f 715/304/1001 906/305/1000 1211/637/1358 1073/636/1359
f 1073/636/1359 1211/637/1358 1078/423/1092 793/420/1091
f 1211/637/1358 1072/634/1357 792/428/1097 1078/423/1092
f 906/305/1000 713/290/987 1072/634/1357 1211/637/1358
f 1233/320/1015 955/321/1014 1212/639/1360 1279/638/1361
f 1279/638/1361 1212/639/1360 1079/414/1084 1247/411/1083
f 1212/639/1360 1073/640/1359 793/419/1091 1079/414/1084
f 955/321/1014 715/322/1001 1073/640/1359 1212/639/1360
f 732/344/1031 909/345/1030 1213/642/1362 1081/641/1363
f 1081/641/1363 1213/642/1362 1085/468/1134 797/465/1118
f 1213/642/1362 1082/643/1364 798/459/1128 1085/468/1134
f 909/345/1030 739/346/1033 1082/643/1364 1213/642/1362
f 739/346/1033 971/363/1047 1214/644/1365 1082/643/1364
f 1082/643/1364 1214/644/1365 1086/462/1129 798/459/1128
f 1214/644/1365 1084/645/1366 800/450/1119 1086/462/1129
f 971/363/1047 736/364/1049 1084/645/1366 1214/644/1365
f 736/364/1049 934/379/1061 1215/646/1367 1084/645/1366
f 1084/645/1366 1215/646/1367 1087/453/1120 800/450/1119
f 1215/646/1367 1083/647/1368 799/458/1127 1087/453/1120
f 934/379/1061 735/380/1063 1083/647/1368 1215/646/1367
f 1229/400/1078 933/401/1077 1216/649/1369 1280/648/1370
f 1280/648/1370 1216/649/1369 1088/444/1111 1248/441/1110
f 1216/649/1369 1081/650/1363 797/449/1118 1088/444/1111
f 933/401/1077 732/402/1031 1081/650/1363 1216/649/1369
f 974/651/1371 1280/648/1372 1248/441/1373 796/652/1374
f 731/653/1375 1229/400/1376 1280/648/1372 974/651/1371
f 958/654/1377 1279/638/1378 1247/411/1379 791/655/1380
f 712/656/1381 1233/320/1382 1279/638/1378 958/654/1377
f 942/657/1383 1278/621/1384 1246/522/1385 786/658/1386
f 703/659/1387 1231/180/1388 1278/621/1384 942/657/1383
f 970/660/1389 1277/611/1390 1245/492/1391 785/661/1392
f 725/662/1393 1230/201/1394 1277/611/1390 970/660/1389
f 855/663/1395 1276/608/1396 1244/197/1397 779/664/1397
f 680/665/1398 1223/193/1399 1276/608/1396 855/663/1395
f 1037/666/1400 1275/598/1401 1243/206/1402 771/257/1402
f 724/667/1403 1235/496/1404 1275/598/1401 1037/666/1400
f 911/668/1405 1274/581/1405 1242/176/1405 767/669/1405
f 662/670/1406 1221/172/1407 1274/581/1408 911/668/1408
f 1021/671/1409 1273/571/1410 1241/185/1411 761/672/1411
f 702/673/1412 1232/526/1412 1273/571/1410 1021/671/1409
f 867/674/1413 1272/561/1414 1240/316/1414 756/275/1415
f 682/675/1416 1225/312/1417 1272/561/1418 867/674/1418
f 1002/560/1419 1271/551/1420 1239/325/1421 751/281/1421
f 711/676/1422 1234/415/1423 1271/551/1420 1002/560/1419
f 888/677/1424 1270/541/1425 1238/396/1426 746/678/1426
f 692/679/1427 1227/391/1428 1270/541/1425 888/677/1424
f 984/680/1429 1269/531/1430 1237/405/1431 744/681/1432
f 738/682/1433 1236/445/1433 1269/531/1430 984/680/1429
f 1062/683/1434 1268/523/1435 1232/526/1436 702/673/1436
f 786/658/1386 1246/522/1385 1268/523/1435 1062/683/1434
f 1057/684/1437 1267/493/1438 1235/496/1404 724/667/1403
f 785/661/1392 1245/492/1391 1267/493/1438 1057/684/1437
f 1080/685/1439 1266/442/1440 1236/445/1441 738/682/1441
f 796/652/1374 1248/441/1373 1266/442/1440 1080/685/1439
f 1071/686/1442 1265/412/1443 1234/415/1423 711/676/1422
f 791/655/1380 1247/411/1379 1265/412/1443 1071/686/1442
f 979/687/1444 1264/406/1445 1228/10/1446 691/688/1447
f 744/681/1448 1237/405/1448 1264/406/1445 979/687/1444
f 927/689/1449 1263/397/1450 1229/400/1376 731/653/1375
f 746/678/1451 1238/396/1451 1263/397/1450 927/689/1449
f 818/690/1452 1262/388/1453 1227/391/1428 692/679/1427
f 659/691/1454 1218/387/1455 1262/388/1453 818/690/1452
f 993/280/1456 1261/326/1457 1226/61/1458 681/692/1458
f 751/281/1459 1239/325/1459 1261/326/1457 993/280/1456
f 910/693/1460 1260/317/1461 1233/320/1382 712/656/1381
f 756/275/1462 1240/316/1462 1260/317/1461 910/693/1460
f 832/694/1463 1259/310/1464 1225/312/1417 682/675/1416
f 660/88/1465 1219/5/1466 1259/310/1464 832/694/1463
f 1029/260/1467 1258/207/1468 1224/112/1469 679/19/1470
f 771/257/1471 1243/206/1471 1258/207/1468 1029/260/1467
f 1047/695/1472 1257/198/1473 1230/201/1394 725/662/1393
f 779/664/1474 1244/197/1474 1257/198/1473 1047/695/1472
f 825/696/1475 1256/191/1476 1223/193/1399 680/665/1398
f 657/697/1477 1217/14/1478 1256/191/1476 825/696/1475
f 1011/698/1479 1255/186/1480 1222/1/1481 661/90/1481
f 761/672/1482 1241/185/1482 1255/186/1480 1011/698/1479
f 1052/699/1483 1254/177/1484 1231/180/1388 703/659/1387
f 767/669/1485 1242/176/1485 1254/177/1484 1052/699/1483
f 817/700/1486 1253/170/1487 1221/172/1407 662/670/1406
f 658/701/1488 1220/116/1489 1253/170/1487 817/700/1486
f 854/702/1490 1252/113/1491 1220/116/1489 658/701/1488
f 679/19/1470 1224/112/1469 1252/113/1491 854/702/1490
f 866/703/1492 1251/62/1493 1218/65/1455 659/704/1454
f 681/692/1494 1226/61/1494 1251/62/1493 866/703/1492
f 887/44/1495 1250/11/1496 1217/14/1478 657/697/1477
f 691/688/1447 1228/10/1446 1250/11/1496 887/44/1495
f 837/89/1497 1249/2/1498 1219/5/1466 660/88/1465
f 661/90/1499 1222/1/1499 1249/2/1498 837/89/1497
f 149/509/1500 789/509/1500 1065/630/1500 425/630/1500
f 22/670/1501 662/670/1501 911/668/1501 271/668/1501
f 298/474/1500 938/474/1500 781/471/1500 141/471/1500
f 247/44/1502 887/44/1502 657/697/1502 17/697/1502
f 88/479/1500 728/479/1500 938/474/1500 298/474/1500
f 196/110/1500 836/110/1500 690/111/1500 50/111/1500
f 51/688/1503 691/688/1503 887/44/1503 247/44/1503
f 6/109/1500 646/109/1500 836/110/1500 196/110/1500
f 248/677/1504 888/677/1504 746/678/1505 106/678/1506
f 197/89/1507 837/89/1507 660/88/1508 20/88/1509
f 52/679/1510 692/679/1510 888/677/1510 248/677/1510
f 21/90/1511 661/90/1511 837/89/1511 197/89/1511
f 275/580/1500 915/580/1500 709/507/1500 69/507/1500
f 124/141/1500 764/141/1500 915/580/1500 275/580/1500
f 353/280/1512 993/280/1512 681/692/1513 41/692/1514
f 276/140/1500 916/140/1500 764/141/1500 124/141/1500
f 302/657/1515 942/657/1516 786/658/1517 146/658/1517
f 111/281/1518 751/281/1518 993/280/1518 353/280/1518
f 28/90/1500 668/90/1500 916/140/1500 276/140/1500
f 431/686/1519 1071/686/1520 711/676/1521 71/676/1522
f 63/659/1523 703/659/1523 942/657/1516 302/657/1515
f 200/126/1500 840/126/1500 644/27/1500 4/27/1500
f 151/655/1524 791/655/1525 1071/686/1520 431/686/1519
f 226/703/1526 866/703/1526 659/704/1526 19/704/1526
f 406/254/1500 1046/254/1500 780/251/1500 140/251/1500
f 27/125/1500 667/125/1500 840/126/1500 200/126/1500
f 41/692/1514 681/692/1513 866/703/1527 226/703/1527
f 87/256/1500 727/256/1500 1046/254/1500 406/254/1500
f 381/671/1528 1021/671/1529 761/672/1530 121/672/1530
f 227/674/1531 867/674/1413 756/275/1415 116/275/1531
f 407/695/1532 1047/695/1533 725/662/1534 85/662/1535
f 330/660/1536 970/660/1537 785/661/1538 145/661/1538
f 253/375/1500 893/375/1500 646/376/1500 6/376/1500
f 62/673/1539 702/673/1539 1021/671/1529 381/671/1528
f 42/675/1540 682/675/1540 867/674/1540 227/674/1540
f 356/381/1500 996/381/1500 748/382/1500 108/382/1500
f 139/664/1541 779/664/1541 1047/695/1533 407/695/1532
f 85/662/1535 725/662/1534 970/660/1537 330/660/1536
f 57/374/1500 697/374/1500 893/375/1500 253/375/1500
f 305/508/1500 945/508/1500 789/509/1500 149/509/1500
f 95/380/1500 735/380/1500 996/381/1500 356/381/1500
f 69/507/1500 709/507/1500 945/508/1500 305/508/1500
f 177/700/1542 817/700/1542 662/670/1542 22/670/1542
f 18/701/1543 658/701/1544 817/700/1545 177/700/1545
f 435/633/1500 1075/633/1500 719/273/1500 79/273/1500
f 178/690/1546 818/690/1546 692/679/1546 52/679/1546
f 281/592/1500 921/592/1500 728/479/1500 88/479/1500
f 384/590/1500 1024/590/1500 667/125/1500 27/125/1500
f 155/440/1500 795/440/1500 1075/633/1500 435/633/1500
f 19/691/1547 659/691/1547 818/690/1547 178/690/1547
f 133/257/1500 773/257/1500 921/592/1500 281/592/1500
f 130/135/1500 770/135/1500 1024/590/1500 384/590/1500
f 282/260/1500 922/260/1500 773/257/1500 133/257/1500
f 411/134/1500 1051/134/1500 770/135/1500 130/135/1500
f 34/19/1500 674/19/1500 922/260/1500 282/260/1500
f 334/651/1548 974/651/1548 796/652/1548 156/652/1548
f 68/133/1500 708/133/1500 1051/134/1500 411/134/1500
f 91/653/1549 731/653/1549 974/651/1549 334/651/1549
f 412/699/1550 1052/699/1550 703/659/1550 63/659/1550
f 127/669/1551 767/669/1551 1052/699/1551 412/699/1551
f 413/620/1500 1053/620/1500 727/256/1500 87/256/1500
f 182/22/1500 822/22/1500 674/19/1500 34/19/1500
f 362/560/1552 1002/560/1552 751/281/1552 111/281/1552
f 141/471/1500 781/471/1500 1053/620/1500 413/620/1500
f 4/27/1500 644/27/1500 822/22/1500 182/22/1500
f 234/266/1500 874/266/1500 648/88/1500 8/88/1500
f 71/676/1522 711/676/1521 1002/560/1553 362/560/1553
f 337/457/1500 977/457/1500 799/458/1500 159/458/1500
f 440/685/1554 1080/685/1554 738/682/1554 98/682/1554
f 49/265/1500 689/265/1500 874/266/1500 234/266/1500
f 286/280/1500 926/280/1500 755/281/1500 115/281/1500
f 100/456/1500 740/456/1500 977/457/1500 337/457/1500
f 389/260/1555 1029/260/1555 679/19/1555 39/19/1555
f 156/652/1556 796/652/1556 1080/685/1556 440/685/1556
f 50/111/1500 690/111/1500 926/280/1500 286/280/1500
f 131/257/1557 771/257/1557 1029/260/1557 389/260/1557
f 287/689/1558 927/689/1558 731/653/1558 91/653/1558
f 236/560/1500 876/560/1500 720/438/1500 80/438/1500
f 106/678/1506 746/678/1505 927/689/1559 287/689/1559
f 339/687/1560 979/687/1560 691/688/1560 51/688/1560
f 185/696/1561 825/696/1561 680/665/1562 40/665/1563
f 115/281/1500 755/281/1500 876/560/1500 236/560/1500
f 211/248/1500 851/248/1500 642/43/1500 2/43/1500
f 104/681/1564 744/681/1564 979/687/1564 339/687/1564
f 17/697/1565 657/697/1565 825/696/1565 185/696/1565
f 417/684/1566 1057/684/1566 724/667/1566 84/667/1566
f 33/250/1500 673/250/1500 851/248/1500 211/248/1500
f 263/536/1500 903/536/1500 740/456/1500 100/456/1500
f 443/647/1500 1083/647/1500 735/380/1500 95/380/1500
f 366/570/1500 1006/570/1500 689/265/1500 49/265/1500
f 145/661/1567 785/661/1567 1057/684/1567 417/684/1567
f 289/385/1500 929/385/1500 745/386/1500 105/386/1500
f 105/386/1500 745/386/1500 903/536/1500 263/536/1500
f 159/458/1500 799/458/1500 1083/647/1500 443/647/1500
f 120/275/1500 760/275/1500 1006/570/1500 366/570/1500
f 58/45/1500 698/45/1500 929/385/1500 289/385/1500
f 188/44/1500 828/44/1500 698/45/1500 58/45/1500
f 214/702/1568 854/702/1568 658/701/1544 18/701/1543
f 2/43/1500 642/43/1500 828/44/1500 188/44/1500
f 39/19/1569 679/19/1569 854/702/1569 214/702/1569
f 189/89/1500 829/89/1500 668/90/1500 28/90/1500
f 215/663/1570 855/663/1570 779/664/1570 139/664/1570
f 8/88/1500 648/88/1500 829/89/1500 189/89/1500
f 318/654/1571 958/654/1571 791/655/1525 151/655/1524
f 40/665/1563 680/665/1562 855/663/1572 215/663/1572
f 344/680/1573 984/680/1429 744/681/1432 104/681/1574
f 72/656/1575 712/656/1576 958/654/1577 318/654/1577
f 98/682/1578 738/682/1578 984/680/1429 344/680/1573
f 422/683/1579 1062/683/1579 702/673/1579 62/673/1579
f 371/698/1580 1011/698/1580 661/90/1580 21/90/1580
f 146/658/1581 786/658/1581 1062/683/1581 422/683/1581
f 397/666/1582 1037/666/1582 771/257/1582 131/257/1582
f 121/672/1583 761/672/1583 1011/698/1583 371/698/1583
f 346/546/1500 986/546/1500 697/374/1500 57/374/1500
f 84/667/1584 724/667/1584 1037/666/1584 397/666/1584
f 192/694/1585 832/694/1586 682/675/1587 42/675/1587
f 372/274/1500 1012/274/1500 760/275/1500 120/275/1500
f 108/382/1500 748/382/1500 986/546/1500 346/546/1500
f 398/602/1500 1038/602/1500 673/250/1500 33/250/1500
f 20/88/1509 660/88/1508 832/694/1586 192/694/1585
f 79/273/1500 719/273/1500 1012/274/1500 372/274/1500
f 140/251/1500 780/251/1500 1038/602/1500 398/602/1500
f 270/693/1588 910/693/1589 712/656/1576 72/656/1575
f 116/275/1590 756/275/1590 910/693/1589 270/693/1588
f 322/439/1500 962/439/1500 795/440/1500 155/440/1500
f 425/630/1500 1065/630/1500 708/133/1500 68/133/1500
f 271/668/1591 911/668/1591 767/669/1591 127/669/1591
f 80/438/1500 720/438/1500 962/439/1500 322/439/1500
g troncofino.002_tronco_aneis
usemtl tronco_aneis
f 1313/705/1592 1295/706/1592 1266/67/1592 1248/707/1592
f 1295/705/1592 1325/706/1592 1236/67/1592 1266/707/1592
f 1325/705/1592 1292/706/1592 1269/67/1592 1236/707/1592
f 1292/705/1592 1324/706/1592 1237/67/1592 1269/707/1592
f 1324/705/1592 1297/706/1592 1264/67/1593 1237/707/1592
f 1297/705/1592 1333/706/1592 1228/67/1592 1264/707/1593
f 1333/705/1592 1311/706/1592 1250/67/1592 1228/707/1592
f 1311/705/1592 1344/706/1594 1217/67/1592 1250/707/1592
f 1344/705/1594 1305/706/1592 1256/67/1592 1217/707/1592
f 1305/705/1592 1338/706/1592 1223/67/1592 1256/707/1592
f 1338/705/1592 1285/706/1592 1276/67/1592 1223/707/1592
f 1285/705/1592 1317/706/1592 1244/67/1592 1276/707/1592
f 1317/705/1592 1304/706/1592 1257/67/1592 1244/707/1592
f 1304/705/1592 1331/706/1592 1230/67/1592 1257/707/1592
f 1331/705/1592 1284/706/1592 1277/67/1592 1230/707/1592
f 1284/705/1592 1316/706/1592 1245/67/1592 1277/707/1592
f 1316/705/1592 1294/706/1592 1267/67/1592 1245/707/1592
f 1294/705/1592 1326/706/1592 1235/67/1592 1267/707/1592
f 1326/705/1592 1286/706/1592 1275/67/1592 1235/707/1592
f 1286/705/1592 1318/706/1592 1243/67/1592 1275/707/1592
f 1318/705/1592 1303/706/1592 1258/67/1592 1243/707/1592
f 1303/705/1592 1337/706/1592 1224/67/1592 1258/707/1592
f 1337/705/1592 1309/706/1592 1252/67/1592 1224/707/1592
f 1309/705/1592 1341/706/1592 1220/67/1592 1252/707/1592
f 1341/705/1592 1308/706/1592 1253/67/1592 1220/707/1592
f 1308/705/1592 1340/706/1593 1221/67/1592 1253/707/1592
f 1340/705/1593 1287/706/1592 1274/67/1592 1221/707/1592
f 1287/705/1592 1319/706/1592 1242/67/1592 1274/707/1592
f 1319/705/1592 1307/706/1592 1254/67/1592 1242/707/1592
f 1307/705/1592 1330/706/1592 1231/67/1592 1254/707/1592
f 1330/705/1592 1283/706/1592 1278/67/1592 1231/707/1592
f 1283/705/1592 1315/706/1592 1246/67/1592 1278/707/1592
f 1315/705/1592 1293/706/1592 1268/67/1592 1246/707/1592
f 1293/705/1592 1329/706/1592 1232/67/1592 1268/707/1592
f 1329/705/1592 1288/706/1592 1273/67/1592 1232/707/1592
f 1288/705/1592 1320/706/1592 1241/67/1592 1273/707/1592
f 1320/705/1592 1306/706/1592 1255/67/1592 1241/707/1592
f 1306/705/1592 1339/706/1592 1222/67/1592 1255/707/1592
f 1339/705/1592 1312/706/1592 1249/67/1592 1222/707/1592
f 1312/705/1592 1342/706/1592 1219/67/1592 1249/707/1592
f 1342/705/1592 1302/706/1592 1259/67/1592 1219/707/1592
f 1302/705/1592 1336/706/1592 1225/67/1592 1259/707/1592
f 1336/705/1592 1289/706/1592 1272/67/1592 1225/707/1592
f 1289/705/1592 1321/706/1592 1240/67/1592 1272/707/1592
f 1321/705/1592 1301/706/1592 1260/67/1592 1240/707/1592
f 1301/705/1592 1328/706/1592 1233/67/1592 1260/707/1592
f 1328/705/1592 1282/706/1592 1279/67/1592 1233/707/1592
f 1282/705/1592 1314/706/1592 1247/67/1592 1279/707/1592
f 1314/705/1592 1296/706/1592 1265/67/1592 1247/707/1592
f 1296/705/1592 1327/706/1592 1234/67/1592 1265/707/1592
f 1327/705/1592 1290/706/1592 1271/67/1592 1234/707/1592
f 1290/705/1592 1322/706/1592 1239/67/1592 1271/707/1592
f 1322/705/1592 1300/706/1592 1261/67/1594 1239/707/1592
f 1300/705/1592 1335/706/1592 1226/67/1594 1261/707/1594
f 1335/705/1592 1310/706/1592 1251/67/1592 1226/707/1594
f 1310/705/1592 1343/706/1592 1218/67/1592 1251/707/1592
f 1343/705/1592 1299/706/1592 1262/67/1592 1218/707/1592
f 1299/705/1592 1334/706/1592 1227/67/1592 1262/707/1592
f 1334/705/1592 1291/706/1592 1270/67/1592 1227/707/1592
f 1291/705/1592 1323/706/1592 1238/67/1592 1270/707/1592
f 1323/705/1592 1298/706/1592 1263/67/1592 1238/707/1592
f 1298/705/1592 1332/706/1593 1229/67/1592 1263/707/1592
f 1332/705/1593 1281/706/1593 1280/67/1592 1229/707/1592
f 1281/705/1593 1313/706/1592 1248/67/1592 1280/707/1592
f 1312/67/1592 1339/707/1592 1403/705/1592 1376/706/1592
f 1318/67/1592 1286/707/1592 1350/705/1592 1382/706/1592
f 1334/67/1592 1299/707/1592 1363/705/1592 1398/706/1592
f 1342/67/1592 1312/707/1592 1376/705/1592 1406/706/1592
f 1285/67/1592 1338/707/1592 1402/705/1595 1349/706/1592
f 1298/67/1592 1323/707/1592 1387/705/1593 1362/706/1592
f 1311/67/1592 1333/707/1592 1397/705/1593 1375/706/1592
f 1317/67/1592 1285/707/1592 1349/705/1592 1381/706/1592
f 1332/67/1593 1298/707/1592 1362/705/1592 1396/706/1593
f 1344/67/1594 1311/707/1592 1375/705/1592 1408/706/1594
f 1284/67/1592 1331/707/1592 1395/705/1592 1348/706/1592
f 1297/67/1592 1324/707/1592 1388/705/1592 1361/706/1592
f 1310/67/1592 1335/707/1592 1399/705/1593 1374/706/1592
f 1316/67/1592 1284/707/1592 1348/705/1592 1380/706/1592
f 1333/67/1592 1297/707/1592 1361/705/1592 1397/706/1593
f 1343/67/1592 1310/707/1592 1374/705/1592 1407/706/1592
f 1283/67/1592 1330/707/1592 1394/705/1592 1347/706/1593
f 1296/67/1592 1314/707/1592 1378/705/1595 1360/706/1592
f 1309/67/1592 1337/707/1592 1401/705/1593 1373/706/1592
f 1315/67/1592 1283/707/1592 1347/705/1593 1379/706/1592
f 1327/67/1592 1296/707/1592 1360/705/1592 1391/706/1592
f 1341/67/1592 1309/707/1592 1373/705/1592 1405/706/1592
f 1282/67/1592 1328/707/1592 1392/705/1592 1346/706/1592
f 1295/67/1592 1313/707/1592 1377/705/1592 1359/706/1592
f 1308/67/1592 1341/707/1592 1405/705/1592 1372/706/1593
f 1314/67/1592 1282/707/1592 1346/705/1592 1378/706/1595
f 1325/67/1592 1295/707/1592 1359/705/1592 1389/706/1592
f 1340/67/1593 1308/707/1592 1372/705/1593 1404/706/1592
f 1281/67/1593 1332/707/1593 1396/705/1593 1345/706/1593
f 1294/67/1592 1316/707/1592 1380/705/1592 1358/706/1596
f 1307/67/1592 1319/707/1592 1383/705/1592 1371/706/1592
f 1313/67/1592 1281/707/1593 1345/705/1593 1377/706/1592
f 1326/67/1592 1294/707/1592 1358/705/1596 1390/706/1594
f 1330/67/1592 1307/707/1592 1371/705/1592 1394/706/1592
f 1293/67/1592 1315/707/1592 1379/705/1592 1357/706/1592
f 1306/67/1592 1320/707/1592 1384/705/1592 1370/706/1592
f 1329/67/1592 1293/707/1592 1357/705/1592 1393/706/1592
f 1339/67/1592 1306/707/1592 1370/705/1592 1403/706/1592
f 1292/67/1592 1325/707/1592 1389/705/1592 1356/706/1592
f 1305/67/1592 1344/707/1594 1408/705/1594 1369/706/1592
f 1324/67/1592 1292/707/1592 1356/705/1592 1388/706/1592
f 1338/67/1592 1305/707/1592 1369/705/1592 1402/706/1595
f 1291/67/1592 1334/707/1592 1398/705/1592 1355/706/1592
f 1304/67/1592 1317/707/1592 1381/705/1592 1368/706/1592
f 1323/67/1592 1291/707/1592 1355/705/1592 1387/706/1593
f 1331/67/1592 1304/707/1592 1368/705/1592 1395/706/1592
f 1290/67/1592 1327/707/1592 1391/705/1592 1354/706/1592
f 1303/67/1592 1318/707/1592 1382/705/1592 1367/706/1592
f 1322/67/1592 1290/707/1592 1354/705/1592 1386/706/1592
f 1337/67/1592 1303/707/1592 1367/705/1592 1401/706/1593
f 1289/67/1592 1336/707/1592 1400/705/1592 1353/706/1592
f 1302/67/1592 1342/707/1592 1406/705/1592 1366/706/1592
f 1321/67/1592 1289/707/1592 1353/705/1592 1385/706/1592
f 1336/67/1592 1302/707/1592 1366/705/1592 1400/706/1592
f 1288/67/1592 1329/707/1592 1393/705/1592 1352/706/1592
f 1301/67/1592 1321/707/1592 1385/705/1592 1365/706/1594
f 1320/67/1592 1288/707/1592 1352/705/1592 1384/706/1592
f 1328/67/1592 1301/707/1592 1365/705/1594 1392/706/1592
f 1287/67/1592 1340/707/1593 1404/705/1592 1351/706/1593
f 1300/67/1592 1322/707/1592 1386/705/1592 1364/706/1592
f 1319/67/1592 1287/707/1592 1351/705/1593 1383/706/1592
f 1335/67/1592 1300/707/1592 1364/705/1592 1399/706/1593
f 1286/67/1592 1326/707/1592 1390/705/1594 1350/706/1592
f 1299/67/1592 1343/707/1592 1407/705/1592 1363/706/1592
f 1408/67/1594 1375/707/1592 1439/705/1592 1472/706/1594
f 1348/67/1592 1395/707/1592 1459/705/1592 1412/706/1592
f 1361/67/1592 1388/707/1592 1452/705/1592 1425/706/1592
f 1374/67/1592 1399/707/1593 1463/705/1593 1438/706/1592
f 1380/67/1592 1348/707/1592 1412/705/1592 1444/706/1592
f 1397/67/1593 1361/707/1592 1425/705/1592 1461/706/1595
f 1407/67/1592 1374/707/1592 1438/705/1592 1471/706/1592
f 1347/67/1593 1394/707/1592 1458/705/1592 1411/706/1593
f 1360/67/1592 1378/707/1595 1442/705/1595 1424/706/1593
f 1373/67/1592 1401/707/1593 1465/705/1594 1437/706/1592
f 1379/67/1592 1347/707/1593 1411/705/1593 1443/706/1592
f 1391/67/1592 1360/707/1592 1424/705/1593 1455/706/1592
f 1405/67/1592 1373/707/1592 1437/705/1592 1469/706/1592
f 1346/67/1592 1392/707/1592 1456/705/1592 1410/706/1592
f 1359/67/1592 1377/707/1592 1441/705/1593 1423/706/1592
f 1372/67/1593 1405/707/1592 1469/705/1592 1436/706/1593
f 1378/67/1595 1346/707/1592 1410/705/1592 1442/706/1595
f 1389/67/1592 1359/707/1592 1423/705/1592 1453/706/1597
f 1404/67/1592 1372/707/1593 1436/705/1593 1468/706/1593
f 1345/67/1593 1396/707/1593 1460/705/1592 1409/706/1593
f 1358/67/1596 1380/707/1592 1444/705/1592 1422/706/1593
f 1371/67/1592 1383/707/1592 1447/705/1592 1435/706/1598
f 1377/67/1592 1345/707/1593 1409/705/1593 1441/706/1593
f 1390/67/1594 1358/707/1596 1422/705/1593 1454/706/1594
f 1394/67/1592 1371/707/1592 1435/705/1598 1458/706/1592
f 1357/67/1592 1379/707/1592 1443/705/1592 1421/706/1592
f 1370/67/1592 1384/707/1592 1448/705/1592 1434/706/1592
f 1393/67/1592 1357/707/1592 1421/705/1592 1457/706/1592
f 1403/67/1592 1370/707/1592 1434/705/1592 1467/706/1593
f 1356/67/1592 1389/707/1592 1453/705/1597 1420/706/1592
f 1369/67/1592 1408/707/1594 1472/705/1594 1433/706/1592
f 1388/67/1592 1356/707/1592 1420/705/1592 1452/706/1592
f 1402/67/1595 1369/707/1592 1433/705/1592 1466/706/1595
f 1355/67/1592 1398/707/1592 1462/705/1592 1419/706/1592
f 1368/67/1592 1381/707/1592 1445/705/1592 1432/706/1592
f 1387/67/1593 1355/707/1592 1419/705/1592 1451/706/1593
f 1395/67/1592 1368/707/1592 1432/705/1592 1459/706/1592
f 1354/67/1592 1391/707/1592 1455/705/1592 1418/706/1593
f 1367/67/1592 1382/707/1592 1446/705/1593 1431/706/1592
f 1386/67/1592 1354/707/1592 1418/705/1593 1450/706/1593
f 1401/67/1593 1367/707/1592 1431/705/1592 1465/706/1594
f 1353/67/1592 1400/707/1592 1464/705/1592 1417/706/1592
f 1366/67/1592 1406/707/1592 1470/705/1592 1430/706/1592
f 1385/67/1592 1353/707/1592 1417/705/1592 1449/706/1594
f 1400/67/1592 1366/707/1592 1430/705/1592 1464/706/1592
f 1352/67/1592 1393/707/1592 1457/705/1592 1416/706/1592
f 1365/67/1594 1385/707/1592 1449/705/1594 1429/706/1594
f 1384/67/1592 1352/707/1592 1416/705/1592 1448/706/1592
f 1392/67/1592 1365/707/1594 1429/705/1594 1456/706/1592
f 1351/67/1593 1404/707/1592 1468/705/1593 1415/706/1592
f 1364/67/1592 1386/707/1592 1450/705/1593 1428/706/1593
f 1383/67/1592 1351/707/1593 1415/705/1592 1447/706/1592
f 1399/67/1593 1364/707/1592 1428/705/1593 1463/706/1593
f 1350/67/1592 1390/707/1594 1454/705/1594 1414/706/1592
f 1363/67/1592 1407/707/1592 1471/705/1592 1427/706/1593
f 1376/67/1592 1403/707/1592 1467/705/1593 1440/706/1593
f 1382/67/1592 1350/707/1592 1414/705/1592 1446/706/1593
f 1398/67/1592 1363/707/1592 1427/705/1593 1462/706/1592
f 1406/67/1592 1376/707/1592 1440/705/1593 1470/706/1592
f 1349/67/1592 1402/707/1595 1466/705/1595 1413/706/1592
f 1362/67/1592 1387/707/1593 1451/705/1593 1426/706/1592
f 1375/67/1592 1397/707/1593 1461/705/1595 1439/706/1592
f 1381/67/1592 1349/707/1592 1413/705/1592 1445/706/1592
f 1396/67/1593 1362/707/1592 1426/705/1592 1460/706/1592
f 1437/67/1592 1465/707/1594 1473/705/1592
f 1443/67/1592 1411/707/1593 1473/705/1592
f 1455/67/1592 1424/707/1593 1473/705/1592
f 1469/67/1592 1437/707/1592 1473/705/1592
f 1410/67/1592 1456/707/1592 1473/705/1592
f 1423/67/1592 1441/707/1593 1473/705/1592
f 1436/67/1593 1469/707/1592 1473/705/1592
f 1442/67/1595 1410/707/1592 1473/705/1592
f 1453/67/1597 1423/707/1592 1473/705/1592
f 1468/67/1593 1436/707/1593 1473/705/1592
f 1409/67/1593 1460/707/1592 1473/705/1592
f 1422/67/1593 1444/707/1592 1473/705/1592
f 1435/67/1598 1447/707/1592 1473/705/1592
f 1441/67/1593 1409/707/1593 1473/705/1592
f 1454/67/1594 1422/707/1593 1473/705/1592
f 1458/67/1592 1435/707/1598 1473/705/1592
f 1421/67/1592 1443/707/1592 1473/705/1592
f 1434/67/1592 1448/707/1592 1473/705/1592
f 1457/67/1592 1421/707/1592 1473/705/1592
f 1467/67/1593 1434/707/1592 1473/705/1592
f 1420/67/1592 1453/707/1597 1473/705/1592
f 1433/67/1592 1472/707/1594 1473/705/1592
f 1452/67/1592 1420/707/1592 1473/705/1592
f 1466/67/1595 1433/707/1592 1473/705/1592
f 1419/67/1592 1462/707/1592 1473/705/1592
f 1432/67/1592 1445/707/1592 1473/705/1592
f 1451/67/1593 1419/707/1592 1473/705/1592
f 1459/67/1592 1432/707/1592 1473/705/1592
f 1418/67/1593 1455/707/1592 1473/705/1592
f 1431/67/1592 1446/707/1593 1473/705/1592
f 1450/67/1593 1418/707/1593 1473/705/1592
f 1465/67/1594 1431/707/1592 1473/705/1592
f 1417/67/1592 1464/707/1592 1473/705/1592
f 1430/67/1592 1470/707/1592 1473/705/1592
f 1449/67/1594 1417/707/1592 1473/705/1592
f 1464/67/1592 1430/707/1592 1473/705/1592
f 1416/67/1592 1457/707/1592 1473/705/1592
f 1429/67/1594 1449/707/1594 1473/705/1592
f 1448/67/1592 1416/707/1592 1473/705/1592
f 1456/67/1592 1429/707/1594 1473/705/1592
f 1415/67/1592 1468/707/1593 1473/705/1592
f 1428/67/1593 1450/707/1593 1473/705/1592
f 1447/67/1592 1415/707/1592 1473/705/1592
f 1463/67/1593 1428/707/1593 1473/705/1592
f 1414/67/1592 1454/707/1594 1473/705/1592
f 1427/67/1593 1471/707/1592 1473/705/1592
f 1440/67/1593 1467/707/1593 1473/705/1592
f 1446/67/1593 1414/707/1592 1473/705/1592
f 1462/67/1592 1427/707/1593 1473/705/1592
f 1470/67/1592 1440/707/1593 1473/705/1592
f 1413/67/1592 1466/707/1595 1473/705/1592
f 1426/67/1592 1451/707/1593 1473/705/1592
f 1439/67/1592 1461/707/1595 1473/705/1592
f 1445/67/1592 1413/707/1592 1473/705/1592
f 1460/67/1592 1426/707/1592 1473/705/1592
f 1472/67/1594 1439/707/1592 1473/705/1592
f 1412/67/1592 1459/707/1592 1473/705/1592
f 1425/67/1592 1452/707/1592 1473/705/1592
f 1438/67/1592 1463/707/1593 1473/705/1592
f 1444/67/1592 1412/707/1592 1473/705/1592
f 1461/67/1595 1425/707/1592 1473/705/1592
f 1471/67/1592 1438/707/1592 1473/705/1592
f 1411/67/1593 1458/707/1592 1473/705/1592
f 1424/67/1593 1442/707/1595 1473/705/1592
